fecha,cantidad_litros,lote,sucursal_fabricada,tipo_producto,turno,responsable,temperatura_externa
2022-01-01,9340,L571,Sucursal C,Agua,Tarde,RS4,27.6
2022-01-02,8666,L325,Sucursal B,Refresco,Noche,RS1,26.6
2022-01-02,10335,L135,Sucursal C,Agua,Tarde,RS5,30.1
2022-01-03,9421,L418,Sucursal A,Jugo,Noche,RS3,25.8
2022-01-03,10280,L410,Sucursal B,Agua,Tarde,RS4,25.6
2022-01-04,9444,L564,Sucursal B,Agua,Noche,RS5,22.7
2022-01-04,10290,L370,Sucursal A,Jugo,Mañana,RS2,15.4
2022-01-05,10027,L672,Sucursal B,Jugo,Mañana,RS3,22.9
2022-01-05,9362,L355,Sucursal B,Jugo,Tarde,RS3,24.4
2022-01-06,9156,L226,Sucursal B,Refresco,Tarde,RS2,14.3
2022-01-06,9245,L252,Sucursal A,Jugo,Tarde,RS1,28.0
2022-01-07,9971,L211,Sucursal B,Jugo,Tarde,RS5,26.8
2022-01-08,8619,L273,Sucursal C,Jugo,Noche,RS1,26.9
2022-01-09,7568,L417,Sucursal A,Refresco,Tarde,RS2,30.6
2022-01-10,10349,L109,Sucursal A,Agua,Noche,RS2,21.8
2022-01-10,8774,L368,Sucursal B,Agua,Mañana,RS5,24.2
2022-01-11,9558,L705,Sucursal B,Agua,Noche,RS2,26.9
2022-01-12,10987,L816,Sucursal A,Agua,Tarde,RS2,18.9
2022-01-13,8346,L595,Sucursal B,Jugo,Mañana,RS3,23.2
2022-01-13,9446,L816,Sucursal C,Agua,Tarde,RS5,25.3
2022-01-14,10262,L190,Sucursal B,Refresco,Tarde,RS3,29.4
2022-01-14,8789,L976,Sucursal B,Refresco,Mañana,RS4,17.1
2022-01-15,12809,L576,Sucursal A,Refresco,Mañana,RS5,30.4
2022-01-15,10116,L611,Sucursal A,Agua,Mañana,RS4,27.1
2022-01-16,10389,L256,Sucursal C,Agua,Tarde,RS3,23.1
2022-01-17,9948,L197,Sucursal B,Agua,Tarde,RS3,23.6
2022-01-18,10699,L376,Sucursal B,Agua,Noche,RS4,29.4
2022-01-19,10571,L998,Sucursal C,Jugo,Tarde,RS5,31.5
2022-01-20,8993,L320,Sucursal C,Jugo,Mañana,RS5,23.5
2022-01-20,10398,L906,Sucursal A,Refresco,Mañana,RS1,29.9
2022-01-21,9705,L227,Sucursal C,Agua,Noche,RS2,21.2
2022-01-21,11455,L708,Sucursal B,Jugo,Mañana,RS4,31.2
2022-01-22,11002,L904,Sucursal A,Refresco,Noche,RS1,26.5
2022-01-22,8755,L278,Sucursal B,Refresco,Tarde,RS1,24.6
2022-01-23,10561,L627,Sucursal C,Agua,Noche,RS2,28.7
2022-01-23,9064,L295,Sucursal A,Refresco,Mañana,RS5,20.8
2022-01-24,6856,L693,Sucursal C,Jugo,Mañana,RS5,29.1
2022-01-25,8343,L919,Sucursal C,Refresco,Mañana,RS2,23.6
2022-01-25,9928,L848,Sucursal A,Jugo,Noche,RS4,29.8
2022-01-26,11084,L530,Sucursal C,Refresco,Mañana,RS4,25.1
2022-01-27,11047,L800,Sucursal C,Refresco,Noche,RS5,36.4
2022-01-28,9030,L259,Sucursal B,Agua,Noche,RS2,22.5
2022-01-29,8240,L426,Sucursal C,Jugo,Tarde,RS1,29.5
2022-01-29,9874,L895,Sucursal A,Refresco,Mañana,RS1,20.2
2022-01-30,11646,L122,Sucursal B,Refresco,Tarde,RS4,25.9
2022-01-30,9629,L477,Sucursal C,Jugo,Noche,RS2,28.4
2022-01-31,11020,L191,Sucursal B,Refresco,Noche,RS3,18.4
2022-02-01,10355,L802,Sucursal C,Agua,Noche,RS3,26.3
2022-02-02,10152,L473,Sucursal A,Agua,Tarde,RS5,18.8
2022-02-03,9525,L466,Sucursal B,Agua,Tarde,RS2,23.6
2022-02-03,10544,L885,Sucursal C,Agua,Mañana,RS4,24.2
2022-02-04,10362,L326,Sucursal B,Refresco,Tarde,RS3,17.7
2022-02-04,9205,L359,Sucursal B,Refresco,Mañana,RS3,24.3
2022-02-05,7697,L598,Sucursal B,Agua,Mañana,RS1,24.9
2022-02-05,10072,L529,Sucursal A,Jugo,Mañana,RS1,37.3
2022-02-06,9904,L332,Sucursal B,Refresco,Tarde,RS2,23.8
2022-02-06,11720,L800,Sucursal A,Refresco,Noche,RS5,30.3
2022-02-07,10408,L135,Sucursal C,Jugo,Mañana,RS2,25.0
2022-02-08,9085,L880,Sucursal A,Refresco,Noche,RS5,25.8
2022-02-08,8414,L519,Sucursal B,Jugo,Mañana,RS3,21.7
2022-02-09,11683,L265,Sucursal B,Agua,Tarde,RS3,18.0
2022-02-09,10704,L625,Sucursal C,Jugo,Tarde,RS2,36.0
2022-02-10,9469,L240,Sucursal A,Agua,Noche,RS1,26.9
2022-02-10,12321,L757,Sucursal A,Agua,Noche,RS4,25.4
2022-02-11,12048,L245,Sucursal A,Jugo,Tarde,RS2,29.4
2022-02-12,11065,L855,Sucursal A,Agua,Tarde,RS1,28.0
2022-02-13,8725,L115,Sucursal C,Agua,Tarde,RS1,27.4
2022-02-13,8897,L141,Sucursal C,Agua,Tarde,RS2,32.7
2022-02-14,10578,L146,Sucursal A,Refresco,Tarde,RS3,29.6
2022-02-14,8995,L243,Sucursal A,Agua,Tarde,RS2,28.4
2022-02-15,9572,L923,Sucursal C,Jugo,Noche,RS3,27.8
2022-02-16,7947,L630,Sucursal A,Jugo,Noche,RS4,25.6
2022-02-16,11201,L147,Sucursal B,Refresco,Noche,RS2,25.8
2022-02-17,8516,L667,Sucursal C,Refresco,Mañana,RS5,18.4
2022-02-18,10130,L383,Sucursal B,Agua,Noche,RS3,25.5
2022-02-18,11105,L862,Sucursal A,Refresco,Noche,RS2,23.9
2022-02-19,10272,L352,Sucursal B,Jugo,Tarde,RS4,29.2
2022-02-19,10210,L915,Sucursal C,Jugo,Mañana,RS4,18.9
2022-02-20,10181,L818,Sucursal B,Jugo,Noche,RS4,24.9
2022-02-20,8404,L586,Sucursal B,Agua,Tarde,RS1,24.9
2022-02-21,11156,L842,Sucursal B,Agua,Noche,RS2,27.1
2022-02-21,10986,L119,Sucursal C,Refresco,Noche,RS4,34.5
2022-02-22,12728,L434,Sucursal B,Agua,Mañana,RS5,25.7
2022-02-22,10648,L335,Sucursal A,Agua,Noche,RS2,17.5
2022-02-23,11054,L731,Sucursal C,Jugo,Noche,RS5,23.8
2022-02-23,11451,L725,Sucursal A,Jugo,Mañana,RS5,27.7
2022-02-24,11637,L565,Sucursal B,Agua,Noche,RS4,30.9
2022-02-24,9552,L556,Sucursal B,Agua,Tarde,RS1,27.5
2022-02-25,8715,L803,Sucursal C,Jugo,Mañana,RS2,27.4
2022-02-25,9732,L151,Sucursal B,Agua,Tarde,RS4,28.6
2022-02-26,9847,L117,Sucursal B,Refresco,Tarde,RS4,26.7
2022-02-27,9457,L882,Sucursal C,Refresco,Mañana,RS1,28.9
2022-02-27,11255,L898,Sucursal C,Jugo,Mañana,RS3,23.3
2022-02-28,7218,L198,Sucursal A,Jugo,Noche,RS2,23.7
2022-02-28,11316,L759,Sucursal C,Jugo,Mañana,RS1,23.3
2022-03-01,8939,L987,Sucursal A,Jugo,Tarde,RS2,25.8
2022-03-02,8623,L156,Sucursal A,Jugo,Tarde,RS4,31.9
2022-03-02,8974,L496,Sucursal C,Refresco,Noche,RS2,19.9
2022-03-03,11047,L292,Sucursal B,Jugo,Mañana,RS4,30.3
2022-03-03,8849,L441,Sucursal C,Agua,Mañana,RS1,31.9
2022-03-04,9200,L237,Sucursal B,Agua,Noche,RS5,16.5
2022-03-05,10618,L861,Sucursal A,Jugo,Mañana,RS5,44.3
2022-03-05,10685,L647,Sucursal A,Jugo,Noche,RS4,30.7
2022-03-06,9333,L300,Sucursal C,Jugo,Tarde,RS2,24.4
2022-03-06,8127,L696,Sucursal A,Jugo,Noche,RS3,35.0
2022-03-07,9952,L624,Sucursal C,Jugo,Noche,RS3,22.3
2022-03-08,9505,L134,Sucursal B,Agua,Noche,RS4,28.0
2022-03-09,9434,L555,Sucursal C,Jugo,Tarde,RS3,30.4
2022-03-09,10077,L200,Sucursal A,Refresco,Mañana,RS4,19.6
2022-03-10,11452,L267,Sucursal B,Agua,Tarde,RS3,24.2
2022-03-11,12867,L899,Sucursal A,Refresco,Noche,RS1,34.2
2022-03-11,11636,L152,Sucursal B,Jugo,Mañana,RS5,29.1
2022-03-12,9871,L542,Sucursal C,Jugo,Noche,RS3,22.6
2022-03-13,9049,L976,Sucursal B,Refresco,Tarde,RS4,24.4
2022-03-14,12138,L461,Sucursal A,Jugo,Tarde,RS2,21.6
2022-03-15,9599,L366,Sucursal A,Jugo,Tarde,RS3,23.4
2022-03-16,9617,L195,Sucursal A,Refresco,Tarde,RS2,24.0
2022-03-16,10325,L249,Sucursal A,Refresco,Noche,RS1,36.2
2022-03-17,12547,L503,Sucursal C,Refresco,Noche,RS2,30.2
2022-03-17,8177,L435,Sucursal A,Agua,Tarde,RS1,22.6
2022-03-18,9184,L179,Sucursal B,Agua,Tarde,RS2,23.7
2022-03-18,9663,L732,Sucursal A,Refresco,Mañana,RS3,22.0
2022-03-19,9715,L325,Sucursal B,Agua,Noche,RS2,34.4
2022-03-19,9977,L365,Sucursal A,Jugo,Tarde,RS1,20.3
2022-03-20,9423,L262,Sucursal B,Jugo,Tarde,RS1,14.5
2022-03-21,11959,L676,Sucursal C,Refresco,Noche,RS2,17.8
2022-03-22,9611,L773,Sucursal B,Jugo,Noche,RS4,27.6
2022-03-23,10070,L444,Sucursal A,Agua,Noche,RS5,36.7
2022-03-23,10486,L166,Sucursal C,Agua,Tarde,RS2,29.5
2022-03-24,10681,L539,Sucursal C,Jugo,Mañana,RS1,25.7
2022-03-24,11407,L671,Sucursal C,Refresco,Noche,RS4,27.7
2022-03-25,11903,L178,Sucursal B,Refresco,Tarde,RS3,18.8
2022-03-25,12560,L204,Sucursal B,Jugo,Tarde,RS3,15.2
2022-03-26,11364,L229,Sucursal B,Refresco,Noche,RS1,27.2
2022-03-27,9416,L668,Sucursal B,Jugo,Noche,RS1,26.0
2022-03-27,11062,L605,Sucursal C,Agua,Mañana,RS2,22.7
2022-03-28,8514,L252,Sucursal B,Refresco,Tarde,RS3,20.9
2022-03-28,12342,L680,Sucursal B,Refresco,Mañana,RS2,24.8
2022-03-29,11080,L349,Sucursal A,Refresco,Noche,RS2,26.5
2022-03-29,10975,L488,Sucursal B,Jugo,Noche,RS2,28.1
2022-03-30,7340,L692,Sucursal B,Refresco,Mañana,RS3,31.9
2022-03-31,7855,L413,Sucursal B,Agua,Noche,RS5,18.9
2022-03-31,9197,L830,Sucursal A,Agua,Mañana,RS5,30.8
2022-04-01,8159,L824,Sucursal B,Refresco,Tarde,RS1,26.8
2022-04-01,11373,L820,Sucursal A,Agua,Noche,RS5,29.3
2022-04-02,11567,L238,Sucursal B,Refresco,Noche,RS2,25.1
2022-04-03,9292,L608,Sucursal C,Refresco,Mañana,RS3,23.5
2022-04-03,9506,L409,Sucursal A,Refresco,Tarde,RS5,29.9
2022-04-04,12295,L267,Sucursal A,Agua,Mañana,RS5,30.3
2022-04-04,7850,L664,Sucursal A,Jugo,Noche,RS2,22.8
2022-04-05,8271,L487,Sucursal C,Refresco,Mañana,RS3,26.3
2022-04-06,10749,L262,Sucursal C,Jugo,Noche,RS5,28.1
2022-04-07,10389,L667,Sucursal B,Refresco,Noche,RS3,33.4
2022-04-08,10737,L687,Sucursal A,Refresco,Mañana,RS5,31.8
2022-04-09,9690,L552,Sucursal C,Agua,Noche,RS2,30.9
2022-04-10,9435,L742,Sucursal A,Jugo,Mañana,RS3,26.2
2022-04-10,8262,L357,Sucursal A,Jugo,Noche,RS2,18.0
2022-04-11,10348,L294,Sucursal C,Refresco,Noche,RS3,24.1
2022-04-11,7908,L754,Sucursal B,Agua,Noche,RS3,30.3
2022-04-12,7556,L137,Sucursal B,Jugo,Noche,RS4,32.9
2022-04-12,9637,L248,Sucursal B,Agua,Tarde,RS4,25.0
2022-04-13,11908,L368,Sucursal C,Agua,Tarde,RS5,27.4
2022-04-13,10777,L512,Sucursal A,Refresco,Noche,RS1,27.7
2022-04-14,10623,L404,Sucursal C,Refresco,Tarde,RS4,32.7
2022-04-15,9341,L410,Sucursal B,Refresco,Tarde,RS5,12.7
2022-04-15,10069,L509,Sucursal C,Jugo,Tarde,RS2,20.8
2022-04-16,10084,L160,Sucursal C,Agua,Tarde,RS2,29.9
2022-04-17,9798,L303,Sucursal A,Jugo,Tarde,RS2,26.4
2022-04-18,10029,L596,Sucursal C,Refresco,Mañana,RS3,27.5
2022-04-19,9158,L619,Sucursal A,Refresco,Noche,RS5,20.2
2022-04-20,11440,L576,Sucursal C,Agua,Noche,RS3,34.1
2022-04-21,10440,L201,Sucursal C,Refresco,Noche,RS5,26.0
2022-04-21,8949,L599,Sucursal A,Refresco,Mañana,RS2,23.8
2022-04-22,8992,L879,Sucursal B,Jugo,Tarde,RS3,22.0
2022-04-23,8377,L642,Sucursal C,Refresco,Tarde,RS2,22.2
2022-04-23,9042,L240,Sucursal A,Jugo,Noche,RS2,18.3
2022-04-24,7705,L455,Sucursal B,Refresco,Noche,RS4,26.8
2022-04-24,10686,L250,Sucursal C,Jugo,Noche,RS1,29.9
2022-04-25,9853,L395,Sucursal B,Refresco,Noche,RS5,28.2
2022-04-26,8416,L935,Sucursal A,Jugo,Noche,RS3,34.2
2022-04-27,10170,L488,Sucursal A,Agua,Noche,RS2,30.2
2022-04-27,9628,L654,Sucursal A,Agua,Mañana,RS3,19.2
2022-04-28,10355,L830,Sucursal C,Agua,Mañana,RS2,19.5
2022-04-28,10409,L825,Sucursal C,Refresco,Noche,RS4,24.6
2022-04-29,9167,L635,Sucursal C,Agua,Noche,RS1,25.5
2022-04-30,8087,L132,Sucursal C,Jugo,Noche,RS5,22.0
2022-05-01,10262,L729,Sucursal B,Jugo,Mañana,RS1,22.6
2022-05-01,11967,L860,Sucursal A,Agua,Tarde,RS5,26.1
2022-05-02,11819,L251,Sucursal B,Refresco,Tarde,RS4,26.6
2022-05-03,9227,L728,Sucursal C,Agua,Tarde,RS2,31.8
2022-05-04,8719,L148,Sucursal A,Jugo,Mañana,RS5,24.3
2022-05-05,8953,L946,Sucursal C,Refresco,Noche,RS2,21.6
2022-05-06,11273,L264,Sucursal A,Jugo,Tarde,RS4,32.7
2022-05-07,5826,L962,Sucursal A,Refresco,Tarde,RS1,23.7
2022-05-07,9379,L290,Sucursal B,Agua,Mañana,RS3,29.5
2022-05-08,12473,L740,Sucursal A,Jugo,Noche,RS5,33.8
2022-05-09,10496,L769,Sucursal B,Agua,Tarde,RS4,31.7
2022-05-09,6869,L776,Sucursal A,Agua,Tarde,RS1,21.7
2022-05-10,11787,L603,Sucursal A,Refresco,Mañana,RS4,29.4
2022-05-11,10280,L724,Sucursal B,Refresco,Tarde,RS5,29.0
2022-05-12,11270,L235,Sucursal B,Refresco,Tarde,RS3,16.2
2022-05-12,8580,L738,Sucursal A,Agua,Noche,RS4,14.8
2022-05-13,10432,L525,Sucursal C,Refresco,Tarde,RS2,33.6
2022-05-14,9416,L662,Sucursal A,Agua,Tarde,RS3,31.7
2022-05-15,12287,L468,Sucursal B,Jugo,Tarde,RS2,26.1
2022-05-16,7956,L509,Sucursal A,Jugo,Mañana,RS2,24.7
2022-05-17,10154,L508,Sucursal C,Refresco,Tarde,RS3,22.6
2022-05-17,8622,L120,Sucursal A,Jugo,Tarde,RS3,22.0
2022-05-18,9853,L755,Sucursal C,Refresco,Mañana,RS4,24.6
2022-05-19,12810,L770,Sucursal C,Agua,Noche,RS1,19.5
2022-05-20,10440,L528,Sucursal B,Jugo,Mañana,RS3,20.3
2022-05-21,9097,L882,Sucursal B,Jugo,Tarde,RS1,33.4
2022-05-21,10052,L555,Sucursal B,Jugo,Noche,RS2,30.4
2022-05-22,9464,L694,Sucursal C,Agua,Tarde,RS5,22.6
2022-05-22,9021,L720,Sucursal B,Refresco,Noche,RS2,22.2
2022-05-23,12020,L534,Sucursal C,Refresco,Noche,RS2,36.9
2022-05-24,9336,L718,Sucursal A,Agua,Tarde,RS2,19.0
2022-05-24,12358,L519,Sucursal C,Agua,Mañana,RS2,25.2
2022-05-25,9950,L471,Sucursal A,Jugo,Mañana,RS2,20.5
2022-05-26,11022,L914,Sucursal A,Refresco,Noche,RS2,21.9
2022-05-26,9116,L741,Sucursal C,Jugo,Tarde,RS1,27.9
2022-05-27,10960,L856,Sucursal A,Agua,Noche,RS4,25.3
2022-05-28,8182,L271,Sucursal A,Refresco,Noche,RS3,31.8
2022-05-28,11974,L221,Sucursal C,Agua,Noche,RS2,23.8
2022-05-29,11040,L558,Sucursal B,Refresco,Mañana,RS4,27.4
2022-05-29,9570,L115,Sucursal B,Refresco,Noche,RS3,29.5
2022-05-30,9027,L360,Sucursal C,Agua,Mañana,RS3,20.5
2022-05-31,10312,L468,Sucursal C,Refresco,Mañana,RS4,18.5
2022-06-01,9224,L296,Sucursal B,Agua,Mañana,RS2,19.6
2022-06-02,9157,L988,Sucursal C,Jugo,Noche,RS5,19.0
2022-06-02,7388,L485,Sucursal A,Jugo,Noche,RS3,23.0
2022-06-03,8951,L855,Sucursal A,Jugo,Noche,RS2,25.0
2022-06-04,10482,L835,Sucursal C,Agua,Tarde,RS4,33.2
2022-06-05,8755,L383,Sucursal A,Refresco,Noche,RS3,24.0
2022-06-05,8949,L493,Sucursal B,Refresco,Mañana,RS3,18.1
2022-06-06,8302,L221,Sucursal B,Jugo,Mañana,RS3,28.0
2022-06-06,7505,L661,Sucursal C,Refresco,Mañana,RS4,24.9
2022-06-07,9566,L452,Sucursal A,Agua,Tarde,RS5,23.8
2022-06-08,9753,L189,Sucursal A,Refresco,Noche,RS3,13.6
2022-06-08,10957,L314,Sucursal A,Agua,Noche,RS5,25.7
2022-06-09,9308,L671,Sucursal C,Agua,Noche,RS3,28.8
2022-06-10,10979,L110,Sucursal C,Agua,Tarde,RS4,27.8
2022-06-10,10343,L922,Sucursal A,Refresco,Mañana,RS2,33.9
2022-06-11,11120,L406,Sucursal B,Jugo,Noche,RS1,21.2
2022-06-11,9323,L875,Sucursal A,Agua,Noche,RS5,20.0
2022-06-12,10769,L591,Sucursal B,Jugo,Noche,RS3,20.9
2022-06-13,10312,L162,Sucursal B,Refresco,Tarde,RS5,20.5
2022-06-13,10766,L426,Sucursal A,Agua,Noche,RS2,16.7
2022-06-14,9762,L139,Sucursal B,Jugo,Mañana,RS5,27.4
2022-06-15,9822,L468,Sucursal B,Agua,Noche,RS1,23.0
2022-06-16,12396,L126,Sucursal B,Agua,Tarde,RS4,34.9
2022-06-16,10752,L214,Sucursal A,Refresco,Noche,RS2,19.9
2022-06-17,11003,L679,Sucursal B,Agua,Noche,RS3,19.4
2022-06-17,10636,L937,Sucursal A,Refresco,Tarde,RS1,32.2
2022-06-18,11546,L668,Sucursal C,Refresco,Tarde,RS5,27.3
2022-06-18,9328,L981,Sucursal A,Refresco,Tarde,RS3,32.5
2022-06-19,10204,L842,Sucursal C,Agua,Tarde,RS4,25.4
2022-06-20,10802,L418,Sucursal A,Jugo,Mañana,RS3,24.1
2022-06-20,10695,L777,Sucursal C,Refresco,Mañana,RS4,27.5
2022-06-21,9415,L362,Sucursal B,Jugo,Tarde,RS5,22.8
2022-06-22,9311,L226,Sucursal A,Jugo,Mañana,RS2,21.6
2022-06-23,7350,L509,Sucursal A,Refresco,Tarde,RS1,26.8
2022-06-23,9676,L465,Sucursal C,Refresco,Noche,RS3,29.7
2022-06-24,12127,L644,Sucursal C,Agua,Mañana,RS2,23.0
2022-06-24,10300,L555,Sucursal C,Jugo,Noche,RS4,29.0
2022-06-25,10022,L971,Sucursal C,Jugo,Tarde,RS4,33.4
2022-06-26,8547,L243,Sucursal B,Jugo,Tarde,RS2,16.9
2022-06-27,11071,L181,Sucursal A,Agua,Noche,RS2,25.5
2022-06-27,8938,L770,Sucursal A,Refresco,Noche,RS4,26.4
2022-06-28,11458,L101,Sucursal B,Agua,Mañana,RS5,20.6
2022-06-28,8942,L465,Sucursal C,Refresco,Noche,RS2,27.6
2022-06-29,10759,L187,Sucursal C,Jugo,Noche,RS1,36.4
2022-06-30,10994,L102,Sucursal B,Jugo,Noche,RS2,30.0
2022-07-01,11812,L842,Sucursal A,Agua,Noche,RS4,27.0
2022-07-02,9512,L841,Sucursal A,Refresco,Noche,RS5,26.3
2022-07-03,9676,L226,Sucursal A,Refresco,Noche,RS5,20.1
2022-07-04,8778,L682,Sucursal B,Refresco,Tarde,RS1,39.9
2022-07-05,11157,L823,Sucursal A,Jugo,Tarde,RS4,29.9
2022-07-05,11663,L510,Sucursal B,Jugo,Tarde,RS3,30.0
2022-07-06,10862,L462,Sucursal A,Refresco,Tarde,RS4,32.8
2022-07-06,8587,L705,Sucursal B,Jugo,Tarde,RS1,21.6
2022-07-07,10785,L663,Sucursal A,Jugo,Tarde,RS4,24.7
2022-07-08,9677,L321,Sucursal B,Jugo,Mañana,RS3,22.8
2022-07-08,10772,L325,Sucursal B,Agua,Mañana,RS5,32.8
2022-07-09,12139,L990,Sucursal B,Refresco,Mañana,RS1,28.0
2022-07-09,10260,L662,Sucursal B,Refresco,Mañana,RS1,27.2
2022-07-10,9277,L384,Sucursal B,Agua,Mañana,RS1,31.5
2022-07-10,9247,L718,Sucursal B,Agua,Mañana,RS1,22.5
2022-07-11,10067,L590,Sucursal C,Jugo,Noche,RS1,30.5
2022-07-11,7969,L598,Sucursal C,Refresco,Mañana,RS1,32.6
2022-07-12,9044,L385,Sucursal A,Agua,Mañana,RS1,28.3
2022-07-13,11023,L438,Sucursal A,Jugo,Mañana,RS4,13.4
2022-07-14,9921,L182,Sucursal B,Agua,Noche,RS3,29.0
2022-07-15,9597,L634,Sucursal C,Refresco,Mañana,RS2,33.3
2022-07-16,10566,L385,Sucursal C,Agua,Tarde,RS2,17.4
2022-07-17,10965,L974,Sucursal C,Refresco,Mañana,RS2,24.2
2022-07-17,11297,L203,Sucursal A,Refresco,Noche,RS2,15.8
2022-07-18,9193,L415,Sucursal A,Agua,Mañana,RS1,21.7
2022-07-18,10534,L404,Sucursal C,Jugo,Tarde,RS3,25.1
2022-07-19,9677,L626,Sucursal A,Refresco,Tarde,RS4,19.5
2022-07-20,8392,L601,Sucursal B,Jugo,Noche,RS5,25.7
2022-07-20,8728,L383,Sucursal C,Jugo,Mañana,RS2,19.4
2022-07-21,9061,L101,Sucursal B,Agua,Noche,RS5,28.4
2022-07-21,9862,L191,Sucursal C,Refresco,Mañana,RS1,25.8
2022-07-22,8280,L292,Sucursal A,Agua,Mañana,RS5,32.3
2022-07-23,9145,L206,Sucursal B,Agua,Tarde,RS5,25.5
2022-07-23,9694,L739,Sucursal B,Refresco,Noche,RS3,32.5
2022-07-24,8158,L436,Sucursal B,Jugo,Noche,RS1,39.0
2022-07-24,11910,L244,Sucursal A,Jugo,Tarde,RS3,24.9
2022-07-25,10348,L838,Sucursal B,Agua,Noche,RS1,23.7
2022-07-25,9820,L333,Sucursal B,Refresco,Mañana,RS3,27.6
2022-07-26,10076,L917,Sucursal C,Agua,Noche,RS3,29.8
2022-07-26,11467,L322,Sucursal A,Refresco,Noche,RS4,14.1
2022-07-27,10866,L566,Sucursal A,Jugo,Mañana,RS2,19.4
2022-07-28,7950,L184,Sucursal A,Refresco,Noche,RS2,30.1
2022-07-29,10601,L291,Sucursal A,Agua,Noche,RS3,19.7
2022-07-30,11034,L103,Sucursal C,Jugo,Noche,RS1,28.1
2022-07-31,10853,L514,Sucursal B,Jugo,Mañana,RS4,27.2
2022-07-31,9567,L727,Sucursal A,Refresco,Noche,RS5,30.8
2022-08-01,9669,L151,Sucursal B,Refresco,Mañana,RS4,19.7
2022-08-02,7996,L739,Sucursal B,Refresco,Tarde,RS5,33.8
2022-08-03,10273,L257,Sucursal A,Agua,Mañana,RS2,28.7
2022-08-03,11206,L503,Sucursal B,Refresco,Tarde,RS1,22.5
2022-08-04,8132,L963,Sucursal C,Agua,Tarde,RS4,28.0
2022-08-05,11422,L425,Sucursal C,Agua,Noche,RS1,21.6
2022-08-06,7896,L274,Sucursal C,Refresco,Tarde,RS4,22.3
2022-08-07,10200,L242,Sucursal A,Jugo,Noche,RS2,20.1
2022-08-07,9976,L441,Sucursal C,Agua,Noche,RS3,26.7
2022-08-08,9564,L990,Sucursal C,Agua,Noche,RS1,24.7
2022-08-08,10369,L207,Sucursal C,Jugo,Noche,RS1,16.4
2022-08-09,8370,L914,Sucursal A,Jugo,Tarde,RS5,22.7
2022-08-10,8454,L492,Sucursal A,Agua,Noche,RS2,25.5
2022-08-10,8044,L281,Sucursal C,Agua,Tarde,RS2,27.8
2022-08-11,9917,L367,Sucursal B,Jugo,Tarde,RS3,12.1
2022-08-12,10307,L670,Sucursal A,Jugo,Mañana,RS2,29.9
2022-08-12,11999,L996,Sucursal B,Jugo,Noche,RS5,30.1
2022-08-13,11423,L756,Sucursal B,Agua,Tarde,RS1,26.3
2022-08-14,10460,L720,Sucursal B,Jugo,Noche,RS3,13.2
2022-08-15,10446,L461,Sucursal A,Jugo,Tarde,RS1,24.4
2022-08-15,9730,L360,Sucursal B,Refresco,Mañana,RS1,31.0
2022-08-16,8829,L927,Sucursal C,Refresco,Noche,RS2,30.3
2022-08-16,8861,L860,Sucursal A,Jugo,Noche,RS3,38.2
2022-08-17,7894,L428,Sucursal B,Jugo,Tarde,RS4,24.4
2022-08-18,10729,L394,Sucursal A,Jugo,Noche,RS3,17.4
2022-08-19,10450,L513,Sucursal B,Jugo,Noche,RS3,19.8
2022-08-20,9958,L883,Sucursal B,Jugo,Tarde,RS1,33.9
2022-08-20,9248,L935,Sucursal A,Agua,Mañana,RS4,34.1
2022-08-21,11183,L718,Sucursal C,Refresco,Mañana,RS1,22.0
2022-08-22,8417,L812,Sucursal A,Refresco,Noche,RS1,23.9
2022-08-23,11541,L439,Sucursal A,Agua,Tarde,RS3,28.4
2022-08-23,11005,L842,Sucursal B,Agua,Mañana,RS3,31.8
2022-08-24,9916,L187,Sucursal C,Agua,Tarde,RS1,16.7
2022-08-24,10516,L937,Sucursal A,Refresco,Noche,RS1,26.0
2022-08-25,8499,L144,Sucursal A,Agua,Mañana,RS2,38.0
2022-08-26,10536,L273,Sucursal C,Refresco,Mañana,RS2,23.9
2022-08-27,11628,L810,Sucursal A,Agua,Noche,RS2,23.2
2022-08-27,11628,L255,Sucursal C,Refresco,Mañana,RS1,11.4
2022-08-28,10115,L397,Sucursal A,Refresco,Mañana,RS4,22.7
2022-08-29,8973,L331,Sucursal C,Jugo,Tarde,RS3,38.7
2022-08-30,8749,L674,Sucursal C,Refresco,Tarde,RS3,31.4
2022-08-31,11733,L188,Sucursal A,Agua,Mañana,RS2,15.5
2022-09-01,11736,L286,Sucursal A,Jugo,Tarde,RS5,26.0
2022-09-01,11238,L331,Sucursal C,Agua,Mañana,RS5,17.6
2022-09-02,11212,L793,Sucursal B,Jugo,Mañana,RS1,24.0
2022-09-02,8687,L316,Sucursal B,Jugo,Tarde,RS4,13.1
2022-09-03,10856,L975,Sucursal A,Agua,Noche,RS5,25.2
2022-09-03,11468,L888,Sucursal C,Refresco,Noche,RS5,21.6
2022-09-04,9971,L779,Sucursal C,Jugo,Mañana,RS4,22.2
2022-09-05,9465,L974,Sucursal A,Refresco,Tarde,RS1,32.3
2022-09-05,11895,L134,Sucursal C,Agua,Noche,RS4,22.4
2022-09-06,9989,L480,Sucursal A,Refresco,Tarde,RS2,24.3
2022-09-06,10943,L137,Sucursal C,Jugo,Noche,RS1,22.7
2022-09-07,7680,L608,Sucursal A,Agua,Mañana,RS3,19.0
2022-09-07,8715,L478,Sucursal B,Jugo,Noche,RS3,28.4
2022-09-08,9222,L753,Sucursal A,Jugo,Noche,RS5,29.0
2022-09-08,10329,L209,Sucursal B,Agua,Tarde,RS5,25.3
2022-09-09,9941,L563,Sucursal A,Jugo,Noche,RS4,28.4
2022-09-10,9821,L119,Sucursal A,Refresco,Mañana,RS3,21.7
2022-09-11,11401,L337,Sucursal C,Agua,Tarde,RS2,33.1
2022-09-12,9501,L266,Sucursal C,Refresco,Noche,RS2,24.5
2022-09-13,9235,L827,Sucursal A,Jugo,Tarde,RS3,30.9
2022-09-13,11705,L581,Sucursal B,Jugo,Mañana,RS2,22.1
2022-09-14,12683,L990,Sucursal B,Jugo,Tarde,RS1,21.7
2022-09-14,7305,L590,Sucursal B,Agua,Tarde,RS1,20.6
2022-09-15,10652,L661,Sucursal B,Jugo,Noche,RS1,30.4
2022-09-16,8913,L818,Sucursal C,Jugo,Noche,RS4,29.9
2022-09-17,8345,L351,Sucursal B,Agua,Noche,RS4,21.3
2022-09-17,9960,L898,Sucursal C,Refresco,Noche,RS4,34.0
2022-09-18,11089,L455,Sucursal C,Jugo,Mañana,RS3,25.2
2022-09-18,12238,L999,Sucursal B,Jugo,Noche,RS4,29.1
2022-09-19,8033,L245,Sucursal C,Agua,Noche,RS4,27.3
2022-09-19,10288,L499,Sucursal C,Refresco,Noche,RS5,26.5
2022-09-20,9235,L434,Sucursal C,Refresco,Tarde,RS5,22.6
2022-09-20,9443,L511,Sucursal C,Jugo,Mañana,RS1,20.2
2022-09-21,11280,L808,Sucursal B,Agua,Noche,RS1,30.8
2022-09-22,8886,L450,Sucursal B,Jugo,Noche,RS1,28.0
2022-09-23,9556,L492,Sucursal B,Jugo,Tarde,RS4,20.8
2022-09-24,11881,L511,Sucursal A,Agua,Mañana,RS1,26.7
2022-09-24,9061,L315,Sucursal B,Agua,Tarde,RS5,21.9
2022-09-25,10229,L525,Sucursal A,Agua,Mañana,RS3,25.2
2022-09-26,9660,L213,Sucursal A,Jugo,Tarde,RS4,20.6
2022-09-27,11794,L912,Sucursal B,Refresco,Tarde,RS3,26.1
2022-09-27,10320,L242,Sucursal C,Agua,Mañana,RS4,23.0
2022-09-28,11424,L341,Sucursal C,Agua,Noche,RS3,23.8
2022-09-28,8577,L944,Sucursal C,Refresco,Noche,RS3,23.0
2022-09-29,9464,L779,Sucursal A,Refresco,Tarde,RS4,26.0
2022-09-30,10589,L570,Sucursal A,Jugo,Noche,RS1,22.0
2022-10-01,7828,L497,Sucursal B,Jugo,Tarde,RS2,29.8
2022-10-02,12424,L574,Sucursal A,Agua,Mañana,RS2,21.3
2022-10-02,7954,L294,Sucursal A,Agua,Tarde,RS1,31.9
2022-10-03,11879,L765,Sucursal B,Agua,Tarde,RS4,24.7
2022-10-04,10814,L104,Sucursal C,Refresco,Tarde,RS3,24.8
2022-10-04,11558,L435,Sucursal A,Refresco,Mañana,RS2,25.5
2022-10-05,11346,L376,Sucursal B,Refresco,Tarde,RS3,31.6
2022-10-06,7784,L111,Sucursal B,Agua,Tarde,RS1,22.2
2022-10-07,9711,L289,Sucursal C,Jugo,Tarde,RS2,26.8
2022-10-07,8498,L460,Sucursal B,Agua,Tarde,RS3,32.2
2022-10-08,13019,L944,Sucursal C,Agua,Mañana,RS3,16.7
2022-10-09,10324,L164,Sucursal A,Jugo,Tarde,RS2,23.8
2022-10-09,10849,L443,Sucursal C,Refresco,Tarde,RS2,28.6
2022-10-10,9556,L679,Sucursal C,Agua,Tarde,RS4,25.1
2022-10-10,9220,L397,Sucursal A,Jugo,Noche,RS3,29.7
2022-10-11,10236,L463,Sucursal A,Refresco,Tarde,RS1,28.5
2022-10-11,9892,L506,Sucursal A,Agua,Tarde,RS1,32.2
2022-10-12,11966,L740,Sucursal A,Agua,Noche,RS5,32.5
2022-10-12,10439,L123,Sucursal B,Agua,Mañana,RS1,17.1
2022-10-13,9111,L613,Sucursal B,Agua,Mañana,RS3,24.9
2022-10-13,8090,L744,Sucursal A,Agua,Mañana,RS1,27.8
2022-10-14,10356,L667,Sucursal B,Refresco,Tarde,RS3,24.8
2022-10-14,9857,L266,Sucursal C,Agua,Mañana,RS1,19.1
2022-10-15,9457,L890,Sucursal A,Jugo,Noche,RS3,12.9
2022-10-15,8099,L318,Sucursal A,Jugo,Mañana,RS4,28.8
2022-10-16,10310,L663,Sucursal B,Agua,Mañana,RS2,27.3
2022-10-17,9684,L819,Sucursal A,Jugo,Noche,RS1,23.0
2022-10-18,9612,L483,Sucursal C,Jugo,Tarde,RS2,25.2
2022-10-19,11804,L689,Sucursal B,Jugo,Mañana,RS3,29.4
2022-10-19,9735,L715,Sucursal C,Jugo,Mañana,RS2,25.1
2022-10-20,10075,L183,Sucursal B,Refresco,Tarde,RS3,21.1
2022-10-20,9435,L121,Sucursal A,Agua,Noche,RS4,30.4
2022-10-21,10234,L343,Sucursal B,Jugo,Noche,RS3,19.7
2022-10-22,11103,L323,Sucursal A,Jugo,Tarde,RS5,27.8
2022-10-22,10122,L861,Sucursal C,Jugo,Mañana,RS5,23.6
2022-10-23,11679,L701,Sucursal C,Agua,Noche,RS4,29.6
2022-10-23,10072,L490,Sucursal C,Jugo,Tarde,RS3,21.8
2022-10-24,11518,L107,Sucursal B,Agua,Mañana,RS2,27.8
2022-10-24,9598,L805,Sucursal B,Jugo,Tarde,RS3,37.1
2022-10-25,10137,L521,Sucursal C,Jugo,Tarde,RS1,29.8
2022-10-26,9879,L376,Sucursal A,Refresco,Mañana,RS1,32.5
2022-10-26,12023,L816,Sucursal A,Agua,Mañana,RS2,22.7
2022-10-27,9218,L661,Sucursal A,Agua,Noche,RS3,22.6
2022-10-27,9616,L923,Sucursal B,Jugo,Noche,RS3,27.1
2022-10-28,12006,L664,Sucursal A,Jugo,Noche,RS3,24.0
2022-10-29,10742,L879,Sucursal B,Refresco,Noche,RS3,30.6
2022-10-30,8427,L654,Sucursal B,Refresco,Tarde,RS4,31.0
2022-10-31,10046,L363,Sucursal C,Refresco,Noche,RS2,25.6
2022-10-31,10736,L876,Sucursal A,Agua,Noche,RS5,19.9
2022-11-01,8386,L120,Sucursal A,Jugo,Mañana,RS4,23.1
2022-11-02,11309,L889,Sucursal C,Agua,Noche,RS1,24.4
2022-11-03,11358,L757,Sucursal C,Refresco,Tarde,RS4,23.6
2022-11-04,8529,L587,Sucursal B,Refresco,Tarde,RS5,17.7
2022-11-05,13726,L589,Sucursal B,Agua,Mañana,RS2,26.7
2022-11-05,13112,L827,Sucursal A,Agua,Tarde,RS4,27.1
2022-11-06,9874,L114,Sucursal A,Agua,Tarde,RS4,33.9
2022-11-06,8040,L546,Sucursal A,Agua,Mañana,RS4,22.1
2022-11-07,8934,L455,Sucursal A,Jugo,Noche,RS4,18.2
2022-11-08,11772,L769,Sucursal A,Agua,Tarde,RS3,31.9
2022-11-09,10899,L906,Sucursal B,Jugo,Mañana,RS1,21.4
2022-11-10,10389,L518,Sucursal C,Agua,Tarde,RS4,23.5
2022-11-10,8019,L867,Sucursal A,Agua,Mañana,RS5,24.7
2022-11-11,11932,L653,Sucursal A,Refresco,Mañana,RS3,16.8
2022-11-11,12174,L252,Sucursal C,Refresco,Mañana,RS5,29.4
2022-11-12,9565,L915,Sucursal C,Refresco,Tarde,RS4,19.4
2022-11-13,11256,L917,Sucursal B,Jugo,Tarde,RS3,23.5
2022-11-14,11329,L751,Sucursal B,Agua,Mañana,RS1,21.5
2022-11-15,8312,L690,Sucursal C,Jugo,Mañana,RS1,22.2
2022-11-15,10520,L422,Sucursal B,Jugo,Mañana,RS4,23.5
2022-11-16,10092,L848,Sucursal B,Refresco,Mañana,RS1,18.6
2022-11-16,11196,L226,Sucursal C,Refresco,Tarde,RS1,22.5
2022-11-17,12628,L874,Sucursal B,Refresco,Mañana,RS5,18.7
2022-11-18,8994,L698,Sucursal B,Agua,Tarde,RS5,27.6
2022-11-18,11016,L350,Sucursal C,Refresco,Tarde,RS2,31.1
2022-11-19,10849,L996,Sucursal C,Refresco,Tarde,RS2,29.9
2022-11-20,11236,L722,Sucursal A,Jugo,Noche,RS4,26.2
2022-11-20,9689,L909,Sucursal C,Jugo,Tarde,RS2,24.0
2022-11-21,8515,L811,Sucursal B,Jugo,Noche,RS1,28.1
2022-11-21,10229,L914,Sucursal C,Refresco,Noche,RS1,20.5
2022-11-22,10167,L774,Sucursal B,Refresco,Noche,RS5,27.3
2022-11-22,9840,L956,Sucursal A,Agua,Mañana,RS3,30.4
2022-11-23,7454,L627,Sucursal C,Refresco,Mañana,RS4,26.5
2022-11-24,11330,L779,Sucursal B,Refresco,Mañana,RS1,19.8
2022-11-24,10735,L270,Sucursal C,Refresco,Mañana,RS5,19.7
2022-11-25,10720,L153,Sucursal C,Jugo,Tarde,RS1,20.9
2022-11-25,9450,L422,Sucursal C,Refresco,Mañana,RS5,22.0
2022-11-26,10657,L301,Sucursal A,Agua,Noche,RS4,20.4
2022-11-27,9938,L549,Sucursal C,Agua,Mañana,RS1,26.0
2022-11-28,12884,L323,Sucursal B,Jugo,Tarde,RS3,24.7
2022-11-28,10241,L635,Sucursal B,Refresco,Mañana,RS1,30.3
2022-11-29,10238,L495,Sucursal C,Refresco,Mañana,RS1,23.7
2022-11-29,10217,L893,Sucursal B,Refresco,Noche,RS2,28.8
2022-11-30,8692,L966,Sucursal B,Jugo,Mañana,RS4,33.2
2022-12-01,7779,L644,Sucursal C,Refresco,Tarde,RS2,29.7
2022-12-02,9923,L177,Sucursal B,Jugo,Noche,RS1,26.6
2022-12-02,10386,L548,Sucursal C,Agua,Tarde,RS5,27.1
2022-12-03,9275,L457,Sucursal B,Agua,Noche,RS4,23.4
2022-12-04,7978,L413,Sucursal B,Refresco,Mañana,RS3,20.3
2022-12-04,11256,L442,Sucursal C,Agua,Noche,RS1,27.8
2022-12-05,9563,L910,Sucursal C,Refresco,Mañana,RS5,28.8
2022-12-05,9617,L631,Sucursal C,Jugo,Mañana,RS4,29.7
2022-12-06,9792,L505,Sucursal A,Refresco,Mañana,RS3,25.1
2022-12-06,8684,L634,Sucursal C,Refresco,Tarde,RS5,17.8
2022-12-07,7577,L599,Sucursal B,Agua,Mañana,RS1,30.4
2022-12-08,8137,L414,Sucursal C,Refresco,Tarde,RS1,23.5
2022-12-09,9636,L834,Sucursal B,Agua,Noche,RS4,24.8
2022-12-10,11970,L305,Sucursal B,Refresco,Tarde,RS5,30.0
2022-12-11,10003,L812,Sucursal C,Agua,Tarde,RS2,33.1
2022-12-11,10747,L737,Sucursal C,Refresco,Mañana,RS5,25.3
2022-12-12,9455,L647,Sucursal C,Jugo,Mañana,RS2,24.9
2022-12-12,8612,L645,Sucursal A,Refresco,Mañana,RS1,17.3
2022-12-13,8043,L834,Sucursal B,Jugo,Tarde,RS3,25.9
2022-12-13,7100,L708,Sucursal C,Agua,Mañana,RS1,22.3
2022-12-14,10714,L666,Sucursal A,Refresco,Noche,RS2,29.3
2022-12-15,11583,L594,Sucursal C,Agua,Mañana,RS4,25.4
2022-12-16,9697,L151,Sucursal C,Jugo,Noche,RS4,27.0
2022-12-17,8539,L261,Sucursal C,Jugo,Tarde,RS1,22.6
2022-12-18,9095,L505,Sucursal C,Refresco,Noche,RS5,23.6
2022-12-19,10554,L234,Sucursal B,Refresco,Noche,RS2,36.7
2022-12-20,11165,L100,Sucursal B,Agua,Tarde,RS1,21.9
2022-12-20,7705,L776,Sucursal A,Refresco,Mañana,RS1,27.0
2022-12-21,9140,L381,Sucursal C,Agua,Noche,RS1,32.8
2022-12-21,8730,L517,Sucursal A,Refresco,Tarde,RS5,25.3
2022-12-22,10126,L416,Sucursal B,Refresco,Noche,RS4,18.3
2022-12-22,9278,L503,Sucursal A,Refresco,Noche,RS3,26.6
2022-12-23,9013,L145,Sucursal C,Agua,Tarde,RS2,24.2
2022-12-23,9446,L213,Sucursal A,Agua,Noche,RS3,30.8
2022-12-24,10566,L475,Sucursal B,Jugo,Noche,RS4,25.7
2022-12-25,10297,L562,Sucursal C,Agua,Mañana,RS1,36.3
2022-12-26,9158,L649,Sucursal C,Refresco,Tarde,RS1,21.7
2022-12-26,8317,L216,Sucursal C,Refresco,Noche,RS4,33.7
2022-12-27,10212,L266,Sucursal A,Agua,Noche,RS5,26.3
2022-12-28,10897,L740,Sucursal A,Refresco,Noche,RS3,21.5
2022-12-29,10831,L548,Sucursal B,Jugo,Noche,RS2,27.3
2022-12-29,11235,L158,Sucursal C,Refresco,Mañana,RS1,27.8
2022-12-30,8998,L183,Sucursal B,Refresco,Mañana,RS1,35.7
2022-12-31,9463,L623,Sucursal C,Jugo,Mañana,RS3,22.1
2022-12-31,9904,L209,Sucursal C,Refresco,Tarde,RS5,30.5
2023-01-01,11470,L874,Sucursal B,Agua,Noche,RS4,33.1
2023-01-02,8408,L533,Sucursal B,Agua,Tarde,RS2,28.8
2023-01-02,9343,L469,Sucursal A,Jugo,Tarde,RS2,25.8
2023-01-03,9036,L671,Sucursal C,Agua,Tarde,RS2,33.2
2023-01-04,12050,L466,Sucursal A,Refresco,Mañana,RS4,22.9
2023-01-04,10468,L159,Sucursal C,Refresco,Mañana,RS5,31.0
2023-01-05,8052,L146,Sucursal A,Refresco,Mañana,RS1,27.8
2023-01-05,8679,L682,Sucursal C,Refresco,Tarde,RS2,21.4
2023-01-06,8773,L542,Sucursal A,Refresco,Tarde,RS4,35.4
2023-01-07,10281,L253,Sucursal C,Refresco,Tarde,RS2,17.2
2023-01-07,10397,L620,Sucursal C,Agua,Tarde,RS3,29.2
2023-01-08,9704,L471,Sucursal B,Refresco,Noche,RS4,17.3
2023-01-08,8200,L467,Sucursal A,Jugo,Mañana,RS5,18.4
2023-01-09,9687,L179,Sucursal A,Agua,Mañana,RS3,33.6
2023-01-10,9010,L752,Sucursal A,Agua,Mañana,RS5,25.8
2023-01-10,10133,L464,Sucursal B,Refresco,Tarde,RS4,26.9
2023-01-11,10203,L928,Sucursal C,Refresco,Noche,RS1,17.9
2023-01-12,11499,L655,Sucursal B,Agua,Tarde,RS1,23.5
2023-01-12,9976,L511,Sucursal A,Jugo,Tarde,RS3,26.9
2023-01-13,9359,L761,Sucursal B,Jugo,Mañana,RS5,18.0
2023-01-13,10088,L417,Sucursal B,Refresco,Mañana,RS3,28.9
2023-01-14,9222,L317,Sucursal C,Refresco,Tarde,RS2,26.4
2023-01-15,10230,L714,Sucursal C,Jugo,Mañana,RS3,23.5
2023-01-15,10160,L659,Sucursal B,Refresco,Mañana,RS2,24.2
2023-01-16,9651,L920,Sucursal C,Agua,Noche,RS2,23.0
2023-01-16,8612,L290,Sucursal B,Refresco,Noche,RS5,17.3
2023-01-17,10105,L438,Sucursal A,Refresco,Tarde,RS3,28.5
2023-01-17,8982,L661,Sucursal B,Refresco,Tarde,RS2,17.0
2023-01-18,10539,L603,Sucursal B,Agua,Tarde,RS5,22.3
2023-01-19,10098,L234,Sucursal A,Jugo,Noche,RS5,24.5
2023-01-20,10448,L661,Sucursal C,Refresco,Mañana,RS5,35.0
2023-01-21,10682,L272,Sucursal B,Agua,Noche,RS1,28.0
2023-01-21,9391,L186,Sucursal A,Agua,Mañana,RS2,23.8
2023-01-22,10855,L518,Sucursal B,Agua,Tarde,RS2,25.6
2023-01-23,9970,L391,Sucursal A,Jugo,Tarde,RS2,29.1
2023-01-23,11668,L310,Sucursal B,Refresco,Mañana,RS1,27.8
2023-01-24,10344,L267,Sucursal C,Refresco,Mañana,RS5,24.4
2023-01-25,9554,L213,Sucursal C,Jugo,Tarde,RS1,20.0
2023-01-25,10609,L844,Sucursal B,Agua,Tarde,RS1,25.3
2023-01-26,10789,L480,Sucursal A,Agua,Mañana,RS5,25.7
2023-01-26,9551,L652,Sucursal B,Jugo,Tarde,RS3,28.2
2023-01-27,8548,L330,Sucursal A,Refresco,Mañana,RS2,28.0
2023-01-28,8012,L727,Sucursal A,Refresco,Mañana,RS5,31.3
2023-01-28,11373,L483,Sucursal C,Refresco,Mañana,RS3,14.9
2023-01-29,9174,L140,Sucursal C,Agua,Mañana,RS2,24.7
2023-01-29,9324,L562,Sucursal C,Agua,Noche,RS5,22.9
2023-01-30,9149,L467,Sucursal C,Agua,Tarde,RS5,29.3
2023-01-31,9534,L282,Sucursal B,Refresco,Mañana,RS4,25.9
2023-02-01,8471,L816,Sucursal C,Agua,Tarde,RS2,28.1
2023-02-01,9121,L954,Sucursal B,Agua,Mañana,RS4,21.5
2023-02-02,10599,L597,Sucursal B,Jugo,Noche,RS1,36.4
2023-02-03,11052,L344,Sucursal B,Agua,Mañana,RS2,28.4
2023-02-04,8360,L392,Sucursal C,Jugo,Tarde,RS5,23.9
2023-02-05,7667,L747,Sucursal C,Agua,Tarde,RS2,38.5
2023-02-06,11054,L617,Sucursal B,Refresco,Tarde,RS4,28.8
2023-02-07,9319,L706,Sucursal A,Refresco,Tarde,RS1,23.1
2023-02-07,11643,L698,Sucursal A,Agua,Noche,RS3,23.1
2023-02-08,9345,L650,Sucursal A,Jugo,Noche,RS3,27.0
2023-02-09,8161,L486,Sucursal C,Agua,Tarde,RS3,30.2
2023-02-10,8807,L339,Sucursal B,Refresco,Noche,RS2,24.8
2023-02-10,7648,L939,Sucursal B,Jugo,Noche,RS3,35.3
2023-02-11,9176,L863,Sucursal A,Refresco,Mañana,RS2,22.7
2023-02-11,10879,L720,Sucursal C,Refresco,Noche,RS4,18.8
2023-02-12,8354,L943,Sucursal C,Agua,Tarde,RS4,16.9
2023-02-13,10594,L941,Sucursal B,Agua,Mañana,RS3,24.4
2023-02-13,10558,L801,Sucursal C,Agua,Noche,RS5,25.8
2023-02-14,8081,L551,Sucursal A,Jugo,Mañana,RS2,23.0
2023-02-14,9894,L895,Sucursal A,Jugo,Noche,RS1,29.6
2023-02-15,7082,L471,Sucursal A,Refresco,Tarde,RS1,24.5
2023-02-16,11562,L784,Sucursal B,Agua,Tarde,RS3,32.8
2023-02-16,10038,L303,Sucursal A,Refresco,Noche,RS3,21.2
2023-02-17,9275,L673,Sucursal A,Refresco,Noche,RS4,24.6
2023-02-18,10284,L796,Sucursal A,Jugo,Noche,RS1,22.7
2023-02-18,9037,L786,Sucursal B,Refresco,Tarde,RS5,31.5
2023-02-19,8708,L316,Sucursal B,Refresco,Mañana,RS1,16.1
2023-02-19,11506,L564,Sucursal C,Refresco,Noche,RS2,25.9
2023-02-20,11195,L922,Sucursal C,Refresco,Mañana,RS4,21.2
2023-02-20,8294,L609,Sucursal B,Agua,Noche,RS5,32.5
2023-02-21,9746,L237,Sucursal A,Agua,Tarde,RS2,24.4
2023-02-21,9967,L291,Sucursal B,Refresco,Mañana,RS3,27.9
2023-02-22,11747,L405,Sucursal B,Jugo,Mañana,RS1,34.0
2023-02-23,12836,L238,Sucursal B,Agua,Mañana,RS4,27.1
2023-02-24,9562,L559,Sucursal B,Agua,Tarde,RS4,20.8
2023-02-24,8746,L146,Sucursal B,Jugo,Mañana,RS5,15.2
2023-02-25,8663,L920,Sucursal C,Jugo,Noche,RS4,23.2
2023-02-25,10378,L118,Sucursal A,Refresco,Mañana,RS3,24.2
2023-02-26,10253,L309,Sucursal A,Jugo,Noche,RS4,24.2
2023-02-26,8391,L884,Sucursal B,Refresco,Mañana,RS5,29.6
2023-02-27,10895,L662,Sucursal C,Agua,Tarde,RS4,23.2
2023-02-27,10363,L942,Sucursal C,Refresco,Tarde,RS5,16.7
2023-02-28,9702,L760,Sucursal C,Refresco,Tarde,RS2,33.0
2023-03-01,10447,L913,Sucursal A,Agua,Tarde,RS2,33.0
2023-03-01,11350,L692,Sucursal A,Agua,Noche,RS2,21.0
2023-03-02,9887,L389,Sucursal C,Jugo,Tarde,RS5,24.6
2023-03-03,8565,L152,Sucursal B,Refresco,Mañana,RS1,24.8
2023-03-04,10371,L624,Sucursal A,Jugo,Tarde,RS2,33.5
2023-03-04,10289,L607,Sucursal B,Agua,Noche,RS5,38.0
2023-03-05,10195,L874,Sucursal A,Refresco,Noche,RS2,20.7
2023-03-06,9253,L101,Sucursal B,Jugo,Mañana,RS4,27.4
2023-03-07,11592,L699,Sucursal C,Jugo,Mañana,RS1,26.2
2023-03-07,10647,L439,Sucursal C,Agua,Noche,RS1,26.7
2023-03-08,9749,L339,Sucursal B,Refresco,Mañana,RS5,20.7
2023-03-08,9303,L313,Sucursal C,Jugo,Tarde,RS5,27.9
2023-03-09,10911,L208,Sucursal B,Agua,Mañana,RS5,27.9
2023-03-09,11853,L995,Sucursal A,Refresco,Noche,RS3,29.7
2023-03-10,10334,L810,Sucursal A,Agua,Mañana,RS3,32.3
2023-03-10,8260,L142,Sucursal B,Jugo,Tarde,RS5,19.5
2023-03-11,9873,L597,Sucursal B,Refresco,Mañana,RS5,31.1
2023-03-12,12072,L604,Sucursal B,Jugo,Noche,RS4,23.0
2023-03-13,9450,L436,Sucursal C,Refresco,Noche,RS4,23.2
2023-03-13,9527,L670,Sucursal B,Jugo,Tarde,RS3,22.9
2023-03-14,10217,L936,Sucursal B,Refresco,Tarde,RS1,20.8
2023-03-15,12151,L711,Sucursal C,Refresco,Noche,RS2,25.4
2023-03-15,9736,L696,Sucursal B,Refresco,Noche,RS3,23.4
2023-03-16,12474,L626,Sucursal C,Agua,Mañana,RS3,31.0
2023-03-16,11229,L200,Sucursal B,Refresco,Noche,RS4,28.0
2023-03-17,8809,L397,Sucursal C,Agua,Tarde,RS3,26.9
2023-03-18,11339,L626,Sucursal A,Jugo,Mañana,RS3,21.8
2023-03-18,11137,L260,Sucursal B,Jugo,Noche,RS3,28.4
2023-03-19,7235,L834,Sucursal A,Agua,Noche,RS2,26.8
2023-03-19,10433,L170,Sucursal C,Refresco,Tarde,RS4,22.1
2023-03-20,9901,L682,Sucursal B,Jugo,Tarde,RS3,24.4
2023-03-21,10741,L639,Sucursal A,Refresco,Noche,RS2,28.5
2023-03-22,10228,L808,Sucursal C,Agua,Tarde,RS1,27.9
2023-03-23,9924,L830,Sucursal B,Refresco,Noche,RS2,36.4
2023-03-24,9728,L973,Sucursal C,Jugo,Tarde,RS4,20.2
2023-03-25,11020,L541,Sucursal B,Jugo,Mañana,RS5,29.4
2023-03-25,10427,L405,Sucursal B,Refresco,Tarde,RS3,25.2
2023-03-26,9367,L983,Sucursal A,Jugo,Tarde,RS2,28.9
2023-03-27,9300,L655,Sucursal C,Agua,Noche,RS1,18.5
2023-03-28,10616,L987,Sucursal B,Jugo,Tarde,RS3,22.3
2023-03-28,8596,L352,Sucursal B,Agua,Noche,RS5,10.6
2023-03-29,9416,L526,Sucursal B,Jugo,Noche,RS2,25.7
2023-03-29,9671,L642,Sucursal A,Jugo,Tarde,RS2,20.0
2023-03-30,10424,L821,Sucursal A,Agua,Mañana,RS3,25.6
2023-03-30,8828,L508,Sucursal A,Refresco,Noche,RS3,20.5
2023-03-31,11064,L609,Sucursal A,Jugo,Noche,RS3,21.5
2023-04-01,11096,L911,Sucursal B,Agua,Tarde,RS1,21.0
2023-04-01,11791,L211,Sucursal B,Jugo,Noche,RS2,23.6
2023-04-02,10209,L699,Sucursal B,Agua,Mañana,RS1,24.2
2023-04-02,10155,L395,Sucursal A,Agua,Mañana,RS1,22.6
2023-04-03,10122,L927,Sucursal B,Jugo,Noche,RS2,19.3
2023-04-04,9797,L691,Sucursal B,Jugo,Mañana,RS2,25.6
2023-04-05,10080,L437,Sucursal B,Jugo,Tarde,RS2,27.6
2023-04-06,11392,L296,Sucursal C,Agua,Tarde,RS3,23.1
2023-04-07,11062,L942,Sucursal C,Refresco,Noche,RS3,20.4
2023-04-07,8668,L992,Sucursal A,Refresco,Mañana,RS4,27.8
2023-04-08,8476,L361,Sucursal A,Agua,Mañana,RS2,19.6
2023-04-08,9271,L183,Sucursal A,Agua,Noche,RS5,33.1
2023-04-09,10241,L184,Sucursal A,Jugo,Noche,RS5,30.7
2023-04-10,11214,L516,Sucursal C,Refresco,Mañana,RS4,13.6
2023-04-11,10455,L291,Sucursal A,Refresco,Noche,RS3,34.1
2023-04-12,10662,L956,Sucursal A,Refresco,Mañana,RS5,22.8
2023-04-12,8686,L988,Sucursal A,Agua,Tarde,RS2,23.9
2023-04-13,10524,L160,Sucursal B,Jugo,Tarde,RS3,29.5
2023-04-13,7164,L684,Sucursal B,Agua,Noche,RS4,20.0
2023-04-14,8989,L679,Sucursal C,Refresco,Tarde,RS2,30.0
2023-04-15,11677,L953,Sucursal A,Jugo,Noche,RS2,25.3
2023-04-16,7440,L560,Sucursal B,Jugo,Noche,RS3,24.8
2023-04-16,10154,L620,Sucursal B,Refresco,Mañana,RS3,30.3
2023-04-17,10147,L332,Sucursal A,Refresco,Noche,RS2,33.1
2023-04-17,10388,L889,Sucursal A,Jugo,Mañana,RS2,23.7
2023-04-18,9403,L472,Sucursal A,Refresco,Noche,RS4,21.6
2023-04-18,10103,L203,Sucursal A,Refresco,Noche,RS3,28.2
2023-04-19,9927,L839,Sucursal C,Refresco,Tarde,RS4,21.3
2023-04-19,10100,L967,Sucursal C,Refresco,Noche,RS3,29.4
2023-04-20,9378,L815,Sucursal C,Jugo,Mañana,RS1,31.0
2023-04-20,7355,L590,Sucursal B,Agua,Mañana,RS2,19.8
2023-04-21,10136,L971,Sucursal A,Refresco,Tarde,RS4,17.8
2023-04-22,11525,L295,Sucursal B,Agua,Noche,RS5,21.5
2023-04-22,8868,L250,Sucursal A,Agua,Mañana,RS5,19.4
2023-04-23,10918,L839,Sucursal C,Refresco,Mañana,RS4,24.0
2023-04-24,6688,L418,Sucursal B,Agua,Noche,RS3,30.3
2023-04-24,8525,L429,Sucursal C,Jugo,Tarde,RS4,26.1
2023-04-25,9598,L991,Sucursal B,Jugo,Noche,RS1,23.0
2023-04-25,8854,L305,Sucursal A,Agua,Mañana,RS2,27.1
2023-04-26,8969,L790,Sucursal B,Jugo,Noche,RS5,30.7
2023-04-26,9989,L320,Sucursal C,Jugo,Noche,RS5,26.5
2023-04-27,11378,L708,Sucursal B,Agua,Tarde,RS2,32.2
2023-04-28,8966,L661,Sucursal B,Jugo,Noche,RS3,26.8
2023-04-28,9276,L767,Sucursal B,Agua,Tarde,RS4,26.4
2023-04-29,10696,L536,Sucursal B,Jugo,Tarde,RS5,26.6
2023-04-29,10233,L823,Sucursal A,Refresco,Noche,RS2,23.2
2023-04-30,8490,L553,Sucursal B,Refresco,Noche,RS2,20.0
2023-05-01,12169,L242,Sucursal C,Jugo,Tarde,RS3,26.8
2023-05-01,9636,L797,Sucursal B,Refresco,Noche,RS3,15.2
2023-05-02,8406,L216,Sucursal C,Jugo,Mañana,RS2,30.4
2023-05-03,11556,L555,Sucursal A,Jugo,Tarde,RS4,24.9
2023-05-03,8801,L699,Sucursal C,Agua,Mañana,RS3,22.5
2023-05-04,9282,L955,Sucursal B,Refresco,Noche,RS3,33.2
2023-05-05,9205,L203,Sucursal A,Jugo,Mañana,RS4,14.9
2023-05-05,10916,L937,Sucursal C,Agua,Tarde,RS5,31.3
2023-05-06,11899,L231,Sucursal A,Jugo,Mañana,RS5,27.6
2023-05-06,10515,L961,Sucursal C,Refresco,Noche,RS4,26.9
2023-05-07,8916,L798,Sucursal C,Refresco,Noche,RS2,26.6
2023-05-08,9619,L848,Sucursal B,Refresco,Mañana,RS3,21.6
2023-05-08,10563,L186,Sucursal B,Agua,Mañana,RS1,20.0
2023-05-09,9389,L975,Sucursal B,Agua,Tarde,RS4,28.9
2023-05-10,11041,L300,Sucursal C,Jugo,Tarde,RS2,23.1
2023-05-11,8800,L599,Sucursal C,Agua,Noche,RS1,21.6
2023-05-12,9396,L351,Sucursal B,Agua,Tarde,RS3,32.2
2023-05-13,10868,L526,Sucursal C,Jugo,Mañana,RS5,28.3
2023-05-13,8545,L778,Sucursal B,Jugo,Mañana,RS4,29.2
2023-05-14,9545,L969,Sucursal A,Refresco,Mañana,RS3,19.3
2023-05-15,11328,L104,Sucursal A,Jugo,Noche,RS2,24.4
2023-05-15,7393,L347,Sucursal C,Agua,Tarde,RS4,29.2
2023-05-16,9883,L827,Sucursal B,Refresco,Tarde,RS2,32.1
2023-05-16,9941,L563,Sucursal B,Agua,Tarde,RS1,23.5
2023-05-17,9734,L561,Sucursal C,Jugo,Tarde,RS2,27.1
2023-05-17,9478,L265,Sucursal A,Refresco,Noche,RS1,28.8
2023-05-18,10649,L498,Sucursal C,Refresco,Tarde,RS1,29.4
2023-05-19,8877,L265,Sucursal C,Jugo,Noche,RS1,30.4
2023-05-19,9357,L376,Sucursal B,Jugo,Mañana,RS5,29.0
2023-05-20,8234,L145,Sucursal A,Jugo,Tarde,RS3,23.7
2023-05-21,8907,L334,Sucursal B,Agua,Tarde,RS4,25.5
2023-05-22,10103,L802,Sucursal A,Agua,Noche,RS5,22.1
2023-05-22,10996,L866,Sucursal B,Agua,Tarde,RS3,22.2
2023-05-23,8736,L118,Sucursal A,Agua,Tarde,RS2,19.7
2023-05-24,9213,L475,Sucursal A,Agua,Noche,RS2,25.7
2023-05-24,8562,L135,Sucursal C,Agua,Noche,RS4,18.6
2023-05-25,10881,L371,Sucursal B,Jugo,Noche,RS1,21.8
2023-05-25,10100,L886,Sucursal C,Jugo,Tarde,RS5,22.7
2023-05-26,10424,L528,Sucursal C,Jugo,Noche,RS2,32.0
2023-05-26,8529,L523,Sucursal B,Jugo,Mañana,RS1,28.9
2023-05-27,8887,L914,Sucursal A,Refresco,Noche,RS3,26.2
2023-05-28,9384,L138,Sucursal C,Jugo,Mañana,RS5,25.1
2023-05-29,10784,L972,Sucursal B,Agua,Noche,RS2,38.4
2023-05-30,8655,L733,Sucursal C,Jugo,Noche,RS5,24.5
2023-05-31,9835,L806,Sucursal B,Jugo,Tarde,RS1,29.8
2023-06-01,9907,L800,Sucursal C,Refresco,Mañana,RS2,28.2
2023-06-01,10696,L692,Sucursal C,Agua,Tarde,RS4,31.0
2023-06-02,8841,L969,Sucursal A,Refresco,Noche,RS5,25.2
2023-06-03,8925,L922,Sucursal A,Jugo,Tarde,RS3,20.3
2023-06-03,10424,L740,Sucursal C,Agua,Tarde,RS3,24.9
2023-06-04,9253,L141,Sucursal A,Agua,Noche,RS4,26.0
2023-06-04,9109,L841,Sucursal A,Jugo,Noche,RS2,18.4
2023-06-05,10968,L388,Sucursal A,Jugo,Mañana,RS3,26.0
2023-06-05,9778,L244,Sucursal A,Agua,Noche,RS5,17.0
2023-06-06,9736,L607,Sucursal A,Agua,Noche,RS2,14.7
2023-06-07,6979,L117,Sucursal B,Refresco,Noche,RS4,17.8
2023-06-07,12981,L649,Sucursal A,Refresco,Mañana,RS4,21.5
2023-06-08,9629,L393,Sucursal B,Agua,Mañana,RS2,21.2
2023-06-09,8259,L816,Sucursal A,Agua,Mañana,RS3,23.4
2023-06-10,10453,L571,Sucursal C,Refresco,Noche,RS5,24.1
2023-06-10,9065,L558,Sucursal A,Refresco,Mañana,RS1,24.0
2023-06-11,10159,L217,Sucursal C,Refresco,Tarde,RS3,31.7
2023-06-12,11291,L695,Sucursal B,Jugo,Tarde,RS4,25.1
2023-06-13,9648,L699,Sucursal A,Refresco,Mañana,RS3,25.6
2023-06-14,9521,L952,Sucursal C,Refresco,Tarde,RS2,21.7
2023-06-15,11777,L873,Sucursal B,Refresco,Mañana,RS5,21.5
2023-06-16,10321,L143,Sucursal C,Jugo,Mañana,RS3,27.5
2023-06-16,8103,L321,Sucursal B,Refresco,Noche,RS3,29.5
2023-06-17,10825,L227,Sucursal A,Refresco,Tarde,RS4,27.1
2023-06-18,10174,L525,Sucursal C,Agua,Mañana,RS2,21.9
2023-06-18,9150,L685,Sucursal B,Refresco,Tarde,RS3,26.7
2023-06-19,10706,L491,Sucursal C,Refresco,Tarde,RS4,30.4
2023-06-19,10232,L935,Sucursal C,Agua,Noche,RS5,20.9
2023-06-20,9842,L482,Sucursal A,Jugo,Tarde,RS3,25.4
2023-06-20,9730,L918,Sucursal B,Agua,Noche,RS3,21.7
2023-06-21,12138,L261,Sucursal C,Agua,Mañana,RS3,19.7
2023-06-22,11411,L944,Sucursal C,Agua,Mañana,RS3,16.3
2023-06-22,10248,L930,Sucursal B,Jugo,Tarde,RS3,28.8
2023-06-23,10542,L762,Sucursal C,Refresco,Noche,RS4,19.6
2023-06-23,10252,L696,Sucursal A,Refresco,Noche,RS3,33.4
2023-06-24,8628,L458,Sucursal B,Jugo,Noche,RS3,25.5
2023-06-25,10380,L697,Sucursal A,Jugo,Tarde,RS4,34.5
2023-06-26,13214,L655,Sucursal C,Jugo,Mañana,RS2,22.6
2023-06-27,9790,L857,Sucursal B,Refresco,Noche,RS4,17.6
2023-06-27,11258,L676,Sucursal B,Jugo,Tarde,RS1,23.3
2023-06-28,8568,L864,Sucursal B,Jugo,Tarde,RS1,29.6
2023-06-28,11201,L138,Sucursal A,Agua,Noche,RS2,21.6
2023-06-29,9326,L752,Sucursal C,Jugo,Tarde,RS4,18.4
2023-06-29,12629,L785,Sucursal A,Refresco,Mañana,RS5,18.1
2023-06-30,7817,L991,Sucursal B,Agua,Mañana,RS5,21.5
2023-07-01,9906,L380,Sucursal B,Jugo,Noche,RS5,23.3
2023-07-01,11676,L558,Sucursal A,Jugo,Tarde,RS1,40.4
2023-07-02,8673,L959,Sucursal C,Jugo,Tarde,RS1,23.9
2023-07-02,9630,L892,Sucursal B,Jugo,Mañana,RS4,28.9
2023-07-03,10273,L736,Sucursal A,Agua,Mañana,RS1,14.4
2023-07-03,11528,L855,Sucursal B,Jugo,Tarde,RS5,22.5
2023-07-04,11332,L840,Sucursal B,Jugo,Tarde,RS1,19.1
2023-07-05,11467,L188,Sucursal A,Agua,Tarde,RS4,25.6
2023-07-06,9968,L900,Sucursal A,Refresco,Mañana,RS2,26.4
2023-07-06,9028,L116,Sucursal C,Jugo,Mañana,RS4,27.1
2023-07-07,8662,L994,Sucursal B,Agua,Mañana,RS1,25.5
2023-07-08,8682,L476,Sucursal B,Refresco,Tarde,RS3,23.2
2023-07-08,7835,L705,Sucursal B,Agua,Noche,RS2,23.2
2023-07-09,9504,L374,Sucursal C,Agua,Tarde,RS4,30.4
2023-07-10,10836,L826,Sucursal C,Refresco,Mañana,RS3,23.3
2023-07-10,11408,L368,Sucursal C,Refresco,Noche,RS4,26.8
2023-07-11,10242,L669,Sucursal C,Jugo,Mañana,RS3,21.1
2023-07-12,8152,L253,Sucursal A,Jugo,Mañana,RS4,17.6
2023-07-12,10635,L790,Sucursal A,Jugo,Tarde,RS1,14.8
2023-07-13,13160,L318,Sucursal A,Refresco,Mañana,RS3,16.0
2023-07-14,10766,L298,Sucursal A,Agua,Noche,RS2,27.5
2023-07-15,11275,L765,Sucursal A,Jugo,Noche,RS2,22.7
2023-07-16,8486,L488,Sucursal B,Refresco,Mañana,RS5,20.7
2023-07-17,10205,L661,Sucursal B,Agua,Tarde,RS3,31.3
2023-07-17,10352,L251,Sucursal C,Refresco,Tarde,RS3,19.1
2023-07-18,12489,L786,Sucursal A,Refresco,Noche,RS3,20.4
2023-07-19,10757,L225,Sucursal A,Refresco,Mañana,RS5,21.7
2023-07-20,10350,L460,Sucursal B,Agua,Mañana,RS2,29.5
2023-07-21,9772,L784,Sucursal A,Jugo,Tarde,RS4,32.2
2023-07-22,9442,L957,Sucursal C,Refresco,Mañana,RS2,24.5
2023-07-23,10629,L280,Sucursal A,Refresco,Noche,RS2,26.4
2023-07-24,10319,L993,Sucursal A,Jugo,Mañana,RS2,33.8
2023-07-25,9186,L348,Sucursal B,Jugo,Tarde,RS3,25.4
2023-07-25,9566,L377,Sucursal B,Agua,Mañana,RS5,34.8
2023-07-26,10453,L497,Sucursal A,Agua,Noche,RS1,24.9
2023-07-26,11351,L183,Sucursal B,Agua,Tarde,RS1,24.7
2023-07-27,9900,L156,Sucursal C,Jugo,Noche,RS2,15.4
2023-07-28,10768,L943,Sucursal A,Agua,Tarde,RS4,21.4
2023-07-29,10890,L369,Sucursal C,Agua,Tarde,RS5,25.9
2023-07-30,11267,L706,Sucursal B,Agua,Noche,RS1,26.1
2023-07-31,7360,L527,Sucursal C,Agua,Mañana,RS2,16.4
2023-07-31,11821,L855,Sucursal A,Agua,Noche,RS4,33.5
2023-08-01,11399,L324,Sucursal C,Agua,Tarde,RS1,24.0
2023-08-02,9061,L315,Sucursal C,Jugo,Tarde,RS3,19.6
2023-08-02,11063,L533,Sucursal A,Refresco,Noche,RS2,28.9
2023-08-03,11349,L988,Sucursal C,Agua,Noche,RS4,29.7
2023-08-03,9073,L694,Sucursal B,Refresco,Tarde,RS4,27.0
2023-08-04,11301,L615,Sucursal C,Jugo,Tarde,RS5,27.4
2023-08-04,11457,L410,Sucursal A,Jugo,Tarde,RS5,20.7
2023-08-05,9357,L917,Sucursal A,Agua,Noche,RS5,29.3
2023-08-05,10618,L765,Sucursal C,Refresco,Mañana,RS5,28.6
2023-08-06,10560,L471,Sucursal A,Jugo,Mañana,RS3,27.4
2023-08-07,10422,L507,Sucursal A,Agua,Tarde,RS2,30.4
2023-08-08,11848,L848,Sucursal C,Jugo,Mañana,RS2,21.5
2023-08-08,11154,L164,Sucursal A,Jugo,Mañana,RS1,19.4
2023-08-09,9771,L516,Sucursal A,Jugo,Mañana,RS5,22.3
2023-08-10,11316,L236,Sucursal B,Refresco,Tarde,RS2,34.4
2023-08-11,7728,L825,Sucursal A,Refresco,Noche,RS2,26.1
2023-08-11,10001,L533,Sucursal C,Jugo,Tarde,RS4,20.9
2023-08-12,9836,L154,Sucursal C,Jugo,Tarde,RS3,16.9
2023-08-12,10537,L933,Sucursal B,Jugo,Mañana,RS4,21.2
2023-08-13,8802,L968,Sucursal A,Refresco,Mañana,RS1,21.2
2023-08-13,11048,L266,Sucursal B,Refresco,Mañana,RS5,21.9
2023-08-14,9437,L554,Sucursal C,Agua,Noche,RS2,21.5
2023-08-14,10071,L206,Sucursal A,Jugo,Noche,RS3,23.3
2023-08-15,10763,L829,Sucursal C,Refresco,Mañana,RS3,18.8
2023-08-16,11777,L894,Sucursal B,Refresco,Noche,RS4,22.6
2023-08-17,10010,L182,Sucursal C,Jugo,Tarde,RS4,30.0
2023-08-18,11561,L300,Sucursal C,Agua,Mañana,RS4,24.1
2023-08-18,12463,L528,Sucursal C,Refresco,Tarde,RS3,29.1
2023-08-19,10969,L939,Sucursal A,Agua,Tarde,RS3,20.1
2023-08-19,10572,L384,Sucursal C,Agua,Noche,RS5,27.5
2023-08-20,8791,L204,Sucursal C,Jugo,Noche,RS5,25.8
2023-08-20,10272,L599,Sucursal C,Jugo,Tarde,RS1,27.1
2023-08-21,7800,L681,Sucursal C,Refresco,Mañana,RS3,24.9
2023-08-21,10402,L641,Sucursal B,Jugo,Mañana,RS1,20.3
2023-08-22,9212,L716,Sucursal B,Jugo,Tarde,RS2,17.3
2023-08-23,10000,L548,Sucursal C,Agua,Tarde,RS1,25.0
2023-08-24,10833,L411,Sucursal A,Refresco,Tarde,RS3,33.0
2023-08-24,10228,L318,Sucursal C,Refresco,Tarde,RS3,29.5
2023-08-25,8970,L170,Sucursal B,Jugo,Noche,RS5,30.6
2023-08-25,9672,L875,Sucursal A,Agua,Mañana,RS5,21.1
2023-08-26,11284,L239,Sucursal A,Agua,Tarde,RS4,25.9
2023-08-27,10315,L985,Sucursal A,Jugo,Noche,RS3,26.0
2023-08-27,11021,L269,Sucursal B,Jugo,Tarde,RS5,24.3
2023-08-28,10222,L264,Sucursal B,Jugo,Noche,RS4,27.3
2023-08-28,10886,L617,Sucursal A,Refresco,Tarde,RS2,25.6
2023-08-29,10627,L507,Sucursal A,Jugo,Tarde,RS4,20.9
2023-08-30,9304,L542,Sucursal B,Refresco,Noche,RS4,20.8
2023-08-31,10106,L992,Sucursal A,Agua,Noche,RS1,26.0
2023-09-01,9778,L984,Sucursal A,Agua,Mañana,RS3,16.3
2023-09-01,9996,L631,Sucursal A,Agua,Tarde,RS4,20.1
2023-09-02,6601,L771,Sucursal B,Agua,Noche,RS3,25.1
2023-09-03,10346,L286,Sucursal C,Refresco,Mañana,RS2,20.8
2023-09-04,9390,L989,Sucursal C,Jugo,Noche,RS2,24.3
2023-09-05,10264,L873,Sucursal C,Agua,Noche,RS4,18.4
2023-09-06,9524,L684,Sucursal C,Jugo,Tarde,RS4,27.4
2023-09-06,9555,L901,Sucursal B,Refresco,Noche,RS4,35.5
2023-09-07,11379,L385,Sucursal B,Agua,Noche,RS2,27.9
2023-09-07,10807,L910,Sucursal C,Refresco,Noche,RS3,24.2
2023-09-08,8956,L953,Sucursal C,Agua,Mañana,RS4,30.6
2023-09-08,8573,L546,Sucursal A,Jugo,Mañana,RS2,33.2
2023-09-09,12961,L579,Sucursal B,Agua,Noche,RS3,20.0
2023-09-09,11203,L454,Sucursal C,Jugo,Noche,RS5,27.6
2023-09-10,7907,L117,Sucursal C,Agua,Mañana,RS3,25.6
2023-09-10,8170,L119,Sucursal C,Refresco,Noche,RS4,19.3
2023-09-11,10212,L951,Sucursal B,Jugo,Mañana,RS4,25.4
2023-09-11,10791,L956,Sucursal B,Agua,Tarde,RS3,23.6
2023-09-12,9977,L673,Sucursal A,Agua,Mañana,RS1,23.7
2023-09-12,10027,L953,Sucursal A,Agua,Mañana,RS4,27.7
2023-09-13,9677,L427,Sucursal B,Agua,Noche,RS5,32.8
2023-09-13,8961,L329,Sucursal B,Refresco,Mañana,RS2,21.4
2023-09-14,9715,L809,Sucursal A,Agua,Noche,RS1,26.0
2023-09-14,11177,L628,Sucursal C,Refresco,Mañana,RS2,21.3
2023-09-15,10754,L453,Sucursal B,Jugo,Mañana,RS5,18.9
2023-09-15,12125,L941,Sucursal A,Agua,Tarde,RS2,34.2
2023-09-16,10198,L147,Sucursal C,Refresco,Tarde,RS1,25.3
2023-09-17,10624,L579,Sucursal A,Agua,Mañana,RS1,34.7
2023-09-18,10804,L444,Sucursal A,Jugo,Noche,RS5,28.4
2023-09-18,7272,L463,Sucursal A,Refresco,Noche,RS3,20.3
2023-09-19,10357,L897,Sucursal B,Jugo,Tarde,RS1,27.8
2023-09-19,10180,L385,Sucursal B,Refresco,Tarde,RS2,28.2
2023-09-20,9789,L361,Sucursal A,Refresco,Tarde,RS1,33.3
2023-09-21,10182,L604,Sucursal A,Jugo,Mañana,RS4,25.1
2023-09-21,10225,L219,Sucursal B,Agua,Tarde,RS3,17.0
2023-09-22,10645,L583,Sucursal B,Refresco,Noche,RS4,25.3
2023-09-22,9753,L944,Sucursal A,Agua,Mañana,RS3,21.7
2023-09-23,10922,L779,Sucursal A,Refresco,Tarde,RS1,32.2
2023-09-24,11538,L555,Sucursal A,Agua,Tarde,RS5,27.8
2023-09-25,11084,L669,Sucursal B,Agua,Tarde,RS5,25.3
2023-09-26,8596,L301,Sucursal A,Agua,Tarde,RS1,29.2
2023-09-27,9818,L155,Sucursal A,Refresco,Noche,RS1,27.1
2023-09-28,11185,L348,Sucursal A,Refresco,Noche,RS3,24.6
2023-09-28,9616,L382,Sucursal C,Jugo,Mañana,RS3,25.8
2023-09-29,9994,L867,Sucursal C,Jugo,Noche,RS1,28.9
2023-09-30,8693,L998,Sucursal A,Agua,Tarde,RS5,24.2
2023-10-01,11243,L315,Sucursal B,Jugo,Noche,RS1,21.1
2023-10-01,10547,L699,Sucursal B,Refresco,Tarde,RS3,24.3
2023-10-02,9772,L177,Sucursal C,Agua,Noche,RS4,23.2
2023-10-02,9784,L845,Sucursal C,Refresco,Tarde,RS3,31.9
2023-10-03,9796,L471,Sucursal A,Jugo,Mañana,RS4,18.4
2023-10-03,11305,L355,Sucursal B,Agua,Mañana,RS4,25.9
2023-10-04,10537,L101,Sucursal C,Agua,Noche,RS3,26.9
2023-10-04,10058,L263,Sucursal C,Agua,Tarde,RS4,26.7
2023-10-05,10988,L779,Sucursal C,Jugo,Tarde,RS3,24.6
2023-10-06,10228,L979,Sucursal A,Jugo,Tarde,RS1,21.7
2023-10-07,9013,L888,Sucursal B,Jugo,Tarde,RS4,31.6
2023-10-07,8996,L586,Sucursal C,Agua,Tarde,RS4,32.9
2023-10-08,9898,L655,Sucursal A,Refresco,Tarde,RS3,18.8
2023-10-08,8846,L298,Sucursal B,Agua,Noche,RS1,29.2
2023-10-09,11783,L925,Sucursal B,Jugo,Mañana,RS5,23.9
2023-10-10,11781,L211,Sucursal A,Refresco,Mañana,RS2,26.8
2023-10-10,9624,L942,Sucursal A,Jugo,Tarde,RS4,25.0
2023-10-11,9341,L640,Sucursal B,Agua,Noche,RS3,31.3
2023-10-11,11640,L298,Sucursal A,Refresco,Mañana,RS3,26.2
2023-10-12,9165,L837,Sucursal C,Agua,Tarde,RS1,19.6
2023-10-13,11665,L785,Sucursal A,Jugo,Mañana,RS3,25.3
2023-10-13,8986,L895,Sucursal B,Refresco,Tarde,RS3,20.9
2023-10-14,12520,L828,Sucursal C,Jugo,Mañana,RS5,23.8
2023-10-15,14195,L425,Sucursal C,Refresco,Tarde,RS3,17.7
2023-10-15,12708,L917,Sucursal C,Jugo,Tarde,RS4,23.5
2023-10-16,10297,L509,Sucursal B,Jugo,Noche,RS4,25.8
2023-10-16,10121,L988,Sucursal B,Refresco,Tarde,RS4,27.9
2023-10-17,11494,L413,Sucursal B,Agua,Tarde,RS5,15.4
2023-10-17,11351,L714,Sucursal B,Agua,Noche,RS1,23.6
2023-10-18,10017,L451,Sucursal A,Refresco,Noche,RS1,20.2
2023-10-19,9035,L966,Sucursal A,Jugo,Noche,RS1,28.7
2023-10-20,10257,L806,Sucursal A,Jugo,Mañana,RS5,24.1
2023-10-21,9563,L774,Sucursal C,Refresco,Noche,RS5,17.7
2023-10-22,12372,L427,Sucursal B,Refresco,Tarde,RS3,17.2
2023-10-22,11941,L426,Sucursal B,Refresco,Mañana,RS5,25.5
2023-10-23,9738,L900,Sucursal B,Agua,Tarde,RS2,19.4
2023-10-24,11693,L533,Sucursal B,Jugo,Tarde,RS2,23.0
2023-10-25,10135,L259,Sucursal A,Jugo,Mañana,RS5,29.9
2023-10-25,9212,L250,Sucursal B,Refresco,Tarde,RS5,21.0
2023-10-26,11064,L250,Sucursal A,Refresco,Noche,RS1,22.9
2023-10-26,6875,L773,Sucursal B,Refresco,Mañana,RS3,26.0
2023-10-27,11079,L536,Sucursal C,Agua,Noche,RS2,28.7
2023-10-27,11270,L716,Sucursal A,Agua,Noche,RS1,22.6
2023-10-28,10131,L108,Sucursal C,Agua,Mañana,RS1,30.3
2023-10-28,9313,L375,Sucursal B,Jugo,Tarde,RS3,16.7
2023-10-29,11144,L177,Sucursal C,Refresco,Mañana,RS1,14.0
2023-10-30,9189,L981,Sucursal C,Refresco,Mañana,RS1,25.2
2023-10-31,9301,L955,Sucursal B,Jugo,Noche,RS1,22.1
2023-10-31,9966,L521,Sucursal C,Agua,Noche,RS3,23.9
2023-11-01,11461,L362,Sucursal B,Agua,Tarde,RS2,29.1
2023-11-01,9698,L589,Sucursal C,Jugo,Noche,RS2,30.7
2023-11-02,8975,L318,Sucursal B,Agua,Tarde,RS3,20.4
2023-11-02,9570,L777,Sucursal C,Agua,Mañana,RS1,20.9
2023-11-03,9283,L502,Sucursal C,Agua,Tarde,RS4,32.1
2023-11-04,9576,L826,Sucursal A,Jugo,Noche,RS4,19.8
2023-11-05,12163,L347,Sucursal B,Refresco,Noche,RS1,26.9
2023-11-06,10160,L622,Sucursal A,Agua,Mañana,RS3,16.3
2023-11-07,10781,L615,Sucursal B,Jugo,Noche,RS3,17.5
2023-11-08,8891,L616,Sucursal A,Agua,Tarde,RS1,26.7
2023-11-08,11748,L583,Sucursal C,Jugo,Noche,RS5,26.6
2023-11-09,7229,L228,Sucursal C,Refresco,Mañana,RS5,25.8
2023-11-10,8553,L456,Sucursal A,Refresco,Mañana,RS5,24.1
2023-11-11,9615,L368,Sucursal B,Jugo,Mañana,RS2,34.0
2023-11-12,9499,L835,Sucursal C,Jugo,Mañana,RS4,29.7
2023-11-13,9357,L885,Sucursal A,Jugo,Mañana,RS3,27.7
2023-11-13,8441,L713,Sucursal A,Jugo,Tarde,RS4,18.9
2023-11-14,10885,L729,Sucursal C,Agua,Tarde,RS3,30.7
2023-11-14,11961,L944,Sucursal A,Refresco,Noche,RS3,14.3
2023-11-15,8690,L299,Sucursal C,Refresco,Tarde,RS4,23.1
2023-11-16,10953,L122,Sucursal B,Agua,Tarde,RS1,23.9
2023-11-16,10307,L830,Sucursal A,Refresco,Mañana,RS2,23.4
2023-11-17,9928,L164,Sucursal A,Refresco,Mañana,RS2,27.3
2023-11-18,10065,L699,Sucursal C,Refresco,Tarde,RS4,39.6
2023-11-18,10368,L455,Sucursal C,Refresco,Noche,RS5,34.2
2023-11-19,10008,L204,Sucursal B,Jugo,Mañana,RS3,21.7
2023-11-19,10839,L317,Sucursal B,Refresco,Noche,RS2,27.1
2023-11-20,10225,L428,Sucursal C,Agua,Mañana,RS2,26.1
2023-11-21,8659,L594,Sucursal B,Jugo,Tarde,RS5,19.9
2023-11-22,10008,L959,Sucursal B,Refresco,Tarde,RS2,31.8
2023-11-22,9754,L443,Sucursal A,Refresco,Tarde,RS4,22.6
2023-11-23,11454,L832,Sucursal B,Jugo,Mañana,RS4,26.3
2023-11-24,8385,L989,Sucursal A,Agua,Tarde,RS5,28.4
2023-11-25,10084,L142,Sucursal C,Refresco,Noche,RS1,21.8
2023-11-25,8797,L269,Sucursal B,Agua,Tarde,RS2,19.5
2023-11-26,10812,L738,Sucursal B,Jugo,Mañana,RS3,24.3
2023-11-27,9245,L400,Sucursal C,Jugo,Mañana,RS3,32.7
2023-11-28,9126,L571,Sucursal B,Agua,Tarde,RS2,18.6
2023-11-28,9705,L633,Sucursal B,Agua,Noche,RS3,21.9
2023-11-29,9481,L261,Sucursal A,Jugo,Noche,RS3,24.2
2023-11-29,10649,L128,Sucursal A,Agua,Tarde,RS4,24.2
2023-11-30,10841,L290,Sucursal C,Jugo,Tarde,RS3,29.3
2023-12-01,9568,L726,Sucursal A,Jugo,Mañana,RS2,18.4
2023-12-02,10509,L609,Sucursal B,Agua,Noche,RS3,24.2
2023-12-02,10486,L896,Sucursal A,Agua,Mañana,RS4,24.8
2023-12-03,11816,L242,Sucursal B,Refresco,Tarde,RS4,21.9
2023-12-03,9229,L154,Sucursal A,Refresco,Tarde,RS2,33.5
2023-12-04,9043,L492,Sucursal C,Jugo,Mañana,RS3,25.2
2023-12-05,9900,L894,Sucursal A,Jugo,Mañana,RS3,17.8
2023-12-06,10961,L438,Sucursal A,Jugo,Mañana,RS4,35.6
2023-12-06,9019,L255,Sucursal B,Agua,Noche,RS2,27.2
2023-12-07,9900,L962,Sucursal A,Agua,Tarde,RS2,25.9
2023-12-08,9519,L954,Sucursal C,Refresco,Noche,RS1,34.4
2023-12-08,10138,L732,Sucursal B,Refresco,Mañana,RS3,20.6
2023-12-09,10974,L682,Sucursal C,Agua,Noche,RS2,19.3
2023-12-10,11028,L755,Sucursal C,Agua,Mañana,RS4,33.8
2023-12-11,10787,L356,Sucursal C,Refresco,Noche,RS4,17.3
2023-12-12,12586,L727,Sucursal C,Agua,Tarde,RS1,20.1
2023-12-13,10662,L111,Sucursal A,Jugo,Tarde,RS4,26.7
2023-12-14,10717,L169,Sucursal C,Agua,Tarde,RS5,31.5
2023-12-15,8963,L536,Sucursal C,Jugo,Noche,RS5,33.5
2023-12-15,10053,L305,Sucursal C,Agua,Mañana,RS1,23.7
2023-12-16,10842,L877,Sucursal A,Agua,Mañana,RS3,25.3
2023-12-17,11349,L438,Sucursal C,Refresco,Mañana,RS4,23.3
2023-12-17,10678,L502,Sucursal A,Refresco,Noche,RS3,19.9
2023-12-18,9970,L451,Sucursal A,Jugo,Tarde,RS5,35.5
2023-12-18,8999,L287,Sucursal C,Agua,Noche,RS2,30.9
2023-12-19,10380,L624,Sucursal B,Refresco,Noche,RS2,25.9
2023-12-19,8073,L332,Sucursal A,Refresco,Tarde,RS4,22.8
2023-12-20,6616,L476,Sucursal C,Refresco,Tarde,RS2,27.9
2023-12-21,12100,L587,Sucursal A,Jugo,Tarde,RS3,31.9
2023-12-22,11463,L513,Sucursal C,Jugo,Tarde,RS4,30.2
2023-12-23,10431,L253,Sucursal C,Agua,Noche,RS3,27.8
2023-12-24,9911,L775,Sucursal A,Refresco,Noche,RS1,23.8
2023-12-25,8901,L912,Sucursal C,Refresco,Noche,RS2,20.8
2023-12-25,9919,L257,Sucursal A,Jugo,Noche,RS5,21.4
2023-12-26,10552,L716,Sucursal C,Jugo,Noche,RS5,18.3
2023-12-27,10489,L853,Sucursal A,Agua,Tarde,RS3,27.3
2023-12-27,8319,L425,Sucursal C,Jugo,Tarde,RS3,26.0
2023-12-28,7988,L628,Sucursal B,Refresco,Noche,RS5,25.5
2023-12-28,9528,L670,Sucursal B,Refresco,Tarde,RS2,32.3
2023-12-29,11288,L417,Sucursal A,Jugo,Tarde,RS3,36.8
2023-12-30,9496,L916,Sucursal A,Refresco,Mañana,RS1,31.8
2023-12-31,10997,L654,Sucursal A,Refresco,Noche,RS5,19.9
2023-12-31,8062,L742,Sucursal A,Agua,Mañana,RS3,14.8
2024-01-01,10459,L422,Sucursal C,Refresco,Tarde,RS4,22.6
2024-01-01,10003,L852,Sucursal C,Refresco,Mañana,RS2,11.5
2024-01-02,9535,L706,Sucursal A,Jugo,Mañana,RS3,24.8
2024-01-02,10030,L757,Sucursal B,Jugo,Mañana,RS4,15.4
2024-01-03,9432,L723,Sucursal A,Agua,Tarde,RS4,24.8
2024-01-04,10302,L550,Sucursal C,Jugo,Noche,RS1,23.1
2024-01-04,12099,L921,Sucursal C,Jugo,Noche,RS1,19.9
2024-01-05,11785,L404,Sucursal C,Jugo,Tarde,RS4,25.4
2024-01-06,10948,L416,Sucursal B,Refresco,Noche,RS3,26.7
2024-01-06,10685,L148,Sucursal A,Agua,Tarde,RS1,29.8
2024-01-07,9875,L507,Sucursal B,Refresco,Noche,RS3,28.9
2024-01-08,7426,L873,Sucursal A,Agua,Tarde,RS1,27.7
2024-01-08,11259,L277,Sucursal C,Refresco,Mañana,RS2,22.7
2024-01-09,9409,L603,Sucursal B,Refresco,Noche,RS5,27.8
2024-01-10,9849,L980,Sucursal A,Agua,Mañana,RS2,26.6
2024-01-11,8308,L655,Sucursal A,Refresco,Tarde,RS2,21.1
2024-01-11,9114,L926,Sucursal A,Agua,Noche,RS1,19.5
2024-01-12,11278,L444,Sucursal C,Refresco,Mañana,RS1,14.3
2024-01-13,10370,L912,Sucursal C,Jugo,Mañana,RS4,14.2
2024-01-14,11106,L878,Sucursal A,Refresco,Mañana,RS4,27.4
2024-01-15,7163,L269,Sucursal C,Refresco,Mañana,RS5,19.7
2024-01-16,8676,L678,Sucursal A,Jugo,Mañana,RS4,26.8
2024-01-17,11914,L232,Sucursal B,Jugo,Noche,RS2,21.8
2024-01-18,9499,L659,Sucursal C,Jugo,Tarde,RS4,23.5
2024-01-18,11171,L727,Sucursal A,Agua,Tarde,RS3,29.6
2024-01-19,10449,L397,Sucursal B,Jugo,Tarde,RS4,15.8
2024-01-19,8814,L818,Sucursal C,Jugo,Noche,RS5,16.1
2024-01-20,9663,L149,Sucursal C,Agua,Tarde,RS3,27.1
2024-01-20,9064,L753,Sucursal C,Agua,Mañana,RS3,23.6
2024-01-21,9694,L339,Sucursal C,Refresco,Tarde,RS5,23.3
2024-01-21,8922,L181,Sucursal C,Agua,Mañana,RS4,22.5
2024-01-22,8347,L705,Sucursal B,Refresco,Tarde,RS2,22.2
2024-01-23,10538,L288,Sucursal B,Agua,Noche,RS5,32.8
2024-01-24,7489,L856,Sucursal A,Jugo,Tarde,RS5,32.1
2024-01-25,10457,L461,Sucursal A,Agua,Tarde,RS3,29.0
2024-01-25,11788,L596,Sucursal C,Refresco,Noche,RS2,22.4
2024-01-26,6837,L854,Sucursal B,Jugo,Mañana,RS3,25.0
2024-01-27,9569,L738,Sucursal B,Agua,Tarde,RS4,25.3
2024-01-27,10160,L860,Sucursal B,Refresco,Tarde,RS3,26.5
2024-01-28,9597,L812,Sucursal B,Agua,Tarde,RS5,21.1
2024-01-29,10012,L136,Sucursal C,Refresco,Tarde,RS5,27.0
2024-01-29,10350,L656,Sucursal A,Agua,Noche,RS1,22.9
2024-01-30,10046,L430,Sucursal A,Refresco,Mañana,RS5,17.8
2024-01-31,10645,L608,Sucursal A,Jugo,Mañana,RS3,31.7
2024-02-01,9945,L897,Sucursal A,Agua,Noche,RS1,21.2
2024-02-02,9685,L677,Sucursal C,Agua,Tarde,RS4,26.8
2024-02-03,10337,L511,Sucursal A,Refresco,Tarde,RS1,33.8
2024-02-03,10447,L874,Sucursal A,Refresco,Tarde,RS4,26.9
2024-02-04,9586,L682,Sucursal B,Refresco,Noche,RS2,23.6
2024-02-04,10320,L541,Sucursal A,Jugo,Noche,RS2,16.0
2024-02-05,10400,L709,Sucursal A,Jugo,Tarde,RS5,23.5
2024-02-06,9609,L872,Sucursal A,Refresco,Noche,RS3,24.9
2024-02-07,11485,L471,Sucursal C,Refresco,Mañana,RS1,22.7
2024-02-07,9949,L611,Sucursal C,Jugo,Tarde,RS1,25.3
2024-02-08,9968,L118,Sucursal B,Jugo,Tarde,RS2,22.1
2024-02-08,10686,L437,Sucursal B,Agua,Mañana,RS2,21.3
2024-02-09,10230,L493,Sucursal B,Refresco,Tarde,RS4,22.2
2024-02-10,10944,L894,Sucursal B,Refresco,Mañana,RS4,10.4
2024-02-11,7748,L453,Sucursal A,Jugo,Tarde,RS3,28.1
2024-02-11,9238,L208,Sucursal A,Jugo,Tarde,RS4,19.1
2024-02-12,11855,L493,Sucursal A,Jugo,Tarde,RS1,29.1
2024-02-12,8257,L547,Sucursal C,Refresco,Noche,RS1,18.0
2024-02-13,11547,L914,Sucursal C,Refresco,Mañana,RS2,29.8
2024-02-14,11332,L774,Sucursal A,Agua,Noche,RS4,23.0
2024-02-15,9758,L636,Sucursal C,Refresco,Noche,RS4,25.0
2024-02-15,10719,L284,Sucursal A,Jugo,Mañana,RS1,28.3
2024-02-16,10125,L647,Sucursal C,Jugo,Mañana,RS5,22.1
2024-02-17,11676,L236,Sucursal B,Refresco,Tarde,RS4,27.1
2024-02-18,11606,L639,Sucursal A,Agua,Noche,RS4,19.4
2024-02-19,10492,L459,Sucursal C,Agua,Tarde,RS3,20.7
2024-02-19,11684,L419,Sucursal C,Agua,Tarde,RS5,28.5
2024-02-20,8522,L125,Sucursal B,Agua,Noche,RS5,31.5
2024-02-21,10427,L620,Sucursal C,Agua,Mañana,RS3,26.1
2024-02-21,10650,L171,Sucursal A,Refresco,Mañana,RS5,32.2
2024-02-22,10636,L675,Sucursal B,Agua,Tarde,RS5,27.1
2024-02-22,11907,L227,Sucursal C,Agua,Mañana,RS1,26.3
2024-02-23,12171,L955,Sucursal B,Refresco,Mañana,RS5,23.9
2024-02-23,8983,L362,Sucursal C,Jugo,Mañana,RS2,21.7
2024-02-24,10468,L494,Sucursal C,Jugo,Tarde,RS4,18.9
2024-02-25,11021,L341,Sucursal B,Refresco,Mañana,RS1,24.2
2024-02-25,8353,L420,Sucursal C,Jugo,Tarde,RS5,25.2
2024-02-26,8752,L910,Sucursal C,Jugo,Mañana,RS4,26.2
2024-02-27,10613,L411,Sucursal C,Refresco,Mañana,RS2,30.2
2024-02-28,11861,L372,Sucursal B,Agua,Noche,RS5,14.2
2024-02-28,12626,L170,Sucursal A,Jugo,Mañana,RS2,27.7
2024-02-29,8294,L696,Sucursal B,Refresco,Noche,RS5,30.5
2024-03-01,9825,L736,Sucursal B,Refresco,Tarde,RS3,31.5
2024-03-02,10556,L323,Sucursal B,Jugo,Mañana,RS1,18.2
2024-03-02,11018,L323,Sucursal B,Agua,Tarde,RS2,18.8
2024-03-03,9812,L581,Sucursal A,Refresco,Noche,RS1,31.5
2024-03-04,8861,L743,Sucursal B,Refresco,Noche,RS4,32.2
2024-03-05,9773,L621,Sucursal A,Agua,Noche,RS4,17.6
2024-03-05,9326,L786,Sucursal B,Jugo,Mañana,RS3,17.2
2024-03-06,10420,L101,Sucursal B,Jugo,Mañana,RS1,17.2
2024-03-06,10114,L595,Sucursal B,Jugo,Noche,RS5,23.7
2024-03-07,8371,L286,Sucursal A,Agua,Tarde,RS3,23.4
2024-03-07,12072,L364,Sucursal C,Agua,Tarde,RS1,25.5
2024-03-08,9437,L408,Sucursal B,Jugo,Tarde,RS5,28.2
2024-03-09,12939,L119,Sucursal C,Jugo,Mañana,RS5,19.1
2024-03-09,8708,L696,Sucursal B,Agua,Noche,RS1,19.2
2024-03-10,9953,L250,Sucursal A,Agua,Noche,RS2,24.3
2024-03-11,9771,L175,Sucursal C,Jugo,Noche,RS3,24.8
2024-03-12,8558,L538,Sucursal A,Agua,Tarde,RS1,28.5
2024-03-12,11602,L395,Sucursal C,Jugo,Tarde,RS5,28.1
2024-03-13,10042,L891,Sucursal A,Jugo,Tarde,RS2,19.5
2024-03-13,7898,L586,Sucursal B,Jugo,Tarde,RS3,17.4
2024-03-14,10174,L454,Sucursal C,Jugo,Mañana,RS1,25.1
2024-03-15,11061,L644,Sucursal B,Agua,Mañana,RS5,30.8
2024-03-16,8375,L630,Sucursal B,Refresco,Noche,RS1,22.2
2024-03-17,9623,L743,Sucursal A,Refresco,Tarde,RS3,29.8
2024-03-18,10441,L717,Sucursal B,Jugo,Mañana,RS2,14.5
2024-03-18,10751,L825,Sucursal A,Agua,Noche,RS3,29.4
2024-03-19,10785,L369,Sucursal B,Agua,Tarde,RS3,25.0
2024-03-20,11427,L150,Sucursal B,Jugo,Mañana,RS1,30.9
2024-03-21,9377,L968,Sucursal B,Agua,Tarde,RS2,25.8
2024-03-21,10213,L696,Sucursal B,Jugo,Mañana,RS4,25.3
2024-03-22,9109,L176,Sucursal C,Agua,Mañana,RS3,22.6
2024-03-22,11477,L993,Sucursal A,Agua,Mañana,RS4,33.4
2024-03-23,8415,L339,Sucursal B,Refresco,Noche,RS4,36.2
2024-03-24,10628,L392,Sucursal A,Jugo,Mañana,RS5,31.7
2024-03-24,11016,L827,Sucursal B,Jugo,Mañana,RS4,27.5
2024-03-25,10708,L699,Sucursal A,Jugo,Tarde,RS1,26.3
2024-03-25,10526,L843,Sucursal A,Agua,Tarde,RS2,25.7
2024-03-26,10290,L629,Sucursal B,Refresco,Mañana,RS3,19.2
2024-03-27,9223,L706,Sucursal C,Agua,Mañana,RS3,26.1
2024-03-27,9497,L541,Sucursal A,Refresco,Tarde,RS2,26.2
2024-03-28,9031,L133,Sucursal B,Jugo,Mañana,RS5,24.3
2024-03-29,8334,L341,Sucursal B,Jugo,Noche,RS3,28.2
2024-03-29,11001,L274,Sucursal C,Refresco,Tarde,RS1,33.2
2024-03-30,10755,L197,Sucursal A,Agua,Tarde,RS1,21.0
2024-03-30,11074,L677,Sucursal B,Jugo,Tarde,RS5,21.8
2024-03-31,9276,L233,Sucursal B,Refresco,Mañana,RS2,21.8
2024-04-01,10346,L344,Sucursal B,Agua,Noche,RS2,25.4
2024-04-02,9575,L622,Sucursal C,Jugo,Noche,RS4,20.7
2024-04-02,7582,L247,Sucursal C,Refresco,Noche,RS4,18.7
2024-04-03,9753,L786,Sucursal C,Agua,Noche,RS1,21.3
2024-04-04,8568,L227,Sucursal A,Jugo,Tarde,RS2,23.5
2024-04-04,9186,L493,Sucursal C,Refresco,Noche,RS2,24.8
2024-04-05,7957,L642,Sucursal B,Jugo,Noche,RS5,22.7
2024-04-05,9265,L778,Sucursal A,Refresco,Mañana,RS1,30.3
2024-04-06,9462,L820,Sucursal A,Agua,Mañana,RS2,30.5
2024-04-06,8375,L374,Sucursal C,Jugo,Tarde,RS3,20.0
2024-04-07,10714,L892,Sucursal A,Agua,Tarde,RS2,22.2
2024-04-07,9504,L957,Sucursal C,Jugo,Mañana,RS1,20.4
2024-04-08,11021,L821,Sucursal A,Jugo,Noche,RS2,32.5
2024-04-09,10284,L459,Sucursal A,Jugo,Noche,RS4,19.7
2024-04-09,8601,L805,Sucursal C,Refresco,Tarde,RS2,25.1
2024-04-10,9807,L310,Sucursal C,Jugo,Mañana,RS4,30.2
2024-04-11,11098,L434,Sucursal C,Agua,Noche,RS3,22.3
2024-04-12,8963,L634,Sucursal A,Refresco,Tarde,RS2,18.1
2024-04-12,9352,L134,Sucursal B,Refresco,Mañana,RS4,19.5
2024-04-13,11355,L839,Sucursal B,Refresco,Noche,RS5,28.4
2024-04-13,9503,L415,Sucursal C,Jugo,Mañana,RS1,29.0
2024-04-14,10209,L448,Sucursal A,Jugo,Mañana,RS1,19.8
2024-04-15,9665,L280,Sucursal A,Refresco,Tarde,RS1,29.2
2024-04-15,9941,L724,Sucursal C,Jugo,Noche,RS2,18.0
2024-04-16,10896,L771,Sucursal C,Jugo,Mañana,RS4,34.8
2024-04-16,11309,L510,Sucursal C,Refresco,Mañana,RS4,31.5
2024-04-17,9672,L972,Sucursal A,Jugo,Mañana,RS2,30.3
2024-04-18,9143,L683,Sucursal C,Refresco,Tarde,RS1,33.5
2024-04-19,9708,L147,Sucursal C,Agua,Mañana,RS4,23.5
2024-04-19,12285,L932,Sucursal B,Agua,Tarde,RS5,33.1
2024-04-20,9684,L749,Sucursal B,Jugo,Mañana,RS2,30.0
2024-04-20,8946,L514,Sucursal A,Refresco,Mañana,RS4,29.8
2024-04-21,8450,L471,Sucursal B,Jugo,Noche,RS4,26.5
2024-04-22,9963,L272,Sucursal B,Jugo,Tarde,RS5,30.9
2024-04-22,11017,L997,Sucursal A,Jugo,Tarde,RS5,24.0
2024-04-23,8674,L492,Sucursal B,Refresco,Mañana,RS1,26.1
2024-04-23,11462,L546,Sucursal B,Jugo,Noche,RS5,22.4
2024-04-24,9634,L421,Sucursal C,Agua,Tarde,RS1,28.7
2024-04-25,10482,L242,Sucursal B,Jugo,Mañana,RS1,27.3
2024-04-26,10162,L477,Sucursal A,Jugo,Tarde,RS2,16.7
2024-04-26,13035,L444,Sucursal A,Agua,Mañana,RS5,28.1
2024-04-27,10642,L844,Sucursal A,Agua,Noche,RS4,31.1
2024-04-27,9235,L731,Sucursal A,Jugo,Mañana,RS1,27.3
2024-04-28,8342,L850,Sucursal C,Refresco,Noche,RS1,26.2
2024-04-29,10995,L486,Sucursal C,Refresco,Mañana,RS2,24.9
2024-04-29,9213,L778,Sucursal C,Agua,Mañana,RS4,21.3
2024-04-30,10891,L113,Sucursal C,Refresco,Tarde,RS4,30.0
2024-05-01,6703,L601,Sucursal B,Jugo,Noche,RS1,22.5
2024-05-02,10432,L677,Sucursal B,Agua,Noche,RS5,25.8
2024-05-03,11406,L988,Sucursal C,Agua,Mañana,RS3,23.2
2024-05-03,9281,L139,Sucursal C,Jugo,Tarde,RS5,19.4
2024-05-04,10842,L574,Sucursal B,Jugo,Tarde,RS3,19.4
2024-05-04,11841,L758,Sucursal A,Jugo,Noche,RS3,24.1
2024-05-05,7499,L796,Sucursal A,Refresco,Mañana,RS1,33.6
2024-05-06,9067,L805,Sucursal C,Refresco,Tarde,RS5,28.5
2024-05-06,9486,L190,Sucursal B,Agua,Noche,RS1,14.8
2024-05-07,10299,L658,Sucursal A,Refresco,Mañana,RS1,20.5
2024-05-08,10270,L703,Sucursal A,Refresco,Mañana,RS1,27.4
2024-05-08,8496,L346,Sucursal C,Jugo,Noche,RS4,27.3
2024-05-09,9358,L898,Sucursal B,Jugo,Mañana,RS2,26.8
2024-05-10,10334,L919,Sucursal B,Refresco,Noche,RS4,17.9
2024-05-11,10891,L532,Sucursal C,Agua,Mañana,RS5,25.6
2024-05-12,8279,L959,Sucursal A,Refresco,Mañana,RS5,19.7
2024-05-12,9481,L513,Sucursal B,Jugo,Tarde,RS4,32.8
2024-05-13,9137,L134,Sucursal B,Jugo,Tarde,RS3,28.7
2024-05-13,9766,L723,Sucursal A,Agua,Tarde,RS1,24.7
2024-05-14,11450,L819,Sucursal A,Jugo,Noche,RS4,33.5
2024-05-15,8593,L746,Sucursal B,Agua,Mañana,RS4,30.7
2024-05-15,10398,L124,Sucursal A,Agua,Noche,RS3,27.7
2024-05-16,9698,L601,Sucursal C,Agua,Mañana,RS4,28.2
2024-05-16,12331,L618,Sucursal A,Agua,Tarde,RS5,22.6
2024-05-17,11051,L823,Sucursal A,Jugo,Tarde,RS1,32.4
2024-05-18,9203,L435,Sucursal B,Refresco,Tarde,RS2,29.4
2024-05-18,9486,L833,Sucursal A,Jugo,Tarde,RS4,20.9
2024-05-19,9016,L542,Sucursal C,Jugo,Tarde,RS1,18.7
2024-05-19,9438,L762,Sucursal A,Refresco,Noche,RS1,19.2
2024-05-20,9426,L624,Sucursal A,Jugo,Tarde,RS2,22.8
2024-05-20,10957,L333,Sucursal A,Jugo,Mañana,RS5,20.1
2024-05-21,10102,L599,Sucursal A,Agua,Tarde,RS4,10.0
2024-05-22,10317,L739,Sucursal B,Agua,Mañana,RS4,28.6
2024-05-22,9045,L656,Sucursal A,Agua,Tarde,RS4,22.2
2024-05-23,10679,L234,Sucursal C,Agua,Noche,RS2,28.5
2024-05-23,10763,L422,Sucursal A,Agua,Noche,RS2,19.4
2024-05-24,10872,L739,Sucursal A,Agua,Noche,RS3,27.2
2024-05-24,11525,L107,Sucursal B,Refresco,Tarde,RS3,21.5
2024-05-25,11363,L394,Sucursal C,Agua,Noche,RS2,19.5
2024-05-25,9011,L343,Sucursal A,Agua,Tarde,RS5,22.0
2024-05-26,10174,L548,Sucursal A,Agua,Noche,RS2,28.1
2024-05-26,10272,L533,Sucursal B,Agua,Tarde,RS5,26.3
2024-05-27,10275,L773,Sucursal B,Jugo,Noche,RS1,33.6
2024-05-28,10383,L351,Sucursal A,Jugo,Mañana,RS5,25.6
2024-05-28,10498,L168,Sucursal B,Refresco,Noche,RS3,21.8
2024-05-29,11094,L753,Sucursal C,Jugo,Tarde,RS3,25.5
2024-05-30,8905,L407,Sucursal B,Agua,Tarde,RS5,25.9
2024-05-30,10080,L700,Sucursal A,Agua,Noche,RS2,30.4
2024-05-31,9740,L973,Sucursal B,Refresco,Noche,RS3,29.3
2024-05-31,10560,L377,Sucursal A,Agua,Tarde,RS1,27.5
2024-06-01,9122,L515,Sucursal B,Refresco,Noche,RS3,23.8
2024-06-02,11820,L379,Sucursal A,Refresco,Mañana,RS1,28.0
2024-06-02,10086,L362,Sucursal B,Jugo,Noche,RS3,23.9
2024-06-03,10522,L969,Sucursal C,Jugo,Mañana,RS1,23.4
2024-06-03,10813,L507,Sucursal A,Agua,Noche,RS2,29.0
2024-06-04,9921,L935,Sucursal A,Jugo,Mañana,RS5,27.3
2024-06-04,9483,L347,Sucursal B,Refresco,Tarde,RS1,24.3
2024-06-05,10028,L142,Sucursal A,Refresco,Noche,RS2,22.7
2024-06-05,8708,L197,Sucursal A,Refresco,Noche,RS2,26.1
2024-06-06,11299,L540,Sucursal A,Jugo,Mañana,RS4,22.6
2024-06-06,9888,L577,Sucursal C,Jugo,Tarde,RS2,31.6
2024-06-07,9414,L396,Sucursal C,Agua,Tarde,RS2,27.1
2024-06-08,8706,L359,Sucursal A,Agua,Tarde,RS2,21.8
2024-06-09,9471,L778,Sucursal B,Jugo,Tarde,RS2,30.2
2024-06-10,9459,L113,Sucursal B,Agua,Tarde,RS3,27.8
2024-06-11,10275,L752,Sucursal B,Jugo,Noche,RS2,19.6
2024-06-12,9049,L431,Sucursal A,Refresco,Mañana,RS2,13.8
2024-06-13,9360,L601,Sucursal A,Jugo,Tarde,RS3,26.1
2024-06-14,9388,L889,Sucursal B,Refresco,Noche,RS3,25.2
2024-06-15,8688,L301,Sucursal A,Jugo,Noche,RS4,20.9
2024-06-16,10193,L432,Sucursal B,Refresco,Noche,RS4,25.3
2024-06-17,9136,L314,Sucursal A,Agua,Noche,RS3,21.2
2024-06-18,10732,L398,Sucursal C,Agua,Mañana,RS2,25.8
2024-06-19,11238,L224,Sucursal B,Agua,Noche,RS2,31.7
2024-06-19,10885,L176,Sucursal B,Refresco,Mañana,RS2,19.5
2024-06-20,10484,L280,Sucursal C,Refresco,Mañana,RS3,27.1
2024-06-20,8126,L391,Sucursal A,Jugo,Mañana,RS1,31.9
2024-06-21,9923,L139,Sucursal B,Refresco,Noche,RS3,27.6
2024-06-22,12082,L864,Sucursal C,Agua,Tarde,RS2,20.7
2024-06-22,9333,L691,Sucursal B,Jugo,Tarde,RS4,26.0
2024-06-23,10559,L929,Sucursal A,Refresco,Mañana,RS2,16.2
2024-06-24,8560,L894,Sucursal C,Agua,Tarde,RS4,23.5
2024-06-24,10184,L804,Sucursal C,Refresco,Mañana,RS5,30.1
2024-06-25,8948,L418,Sucursal A,Agua,Mañana,RS4,19.4
2024-06-25,7293,L196,Sucursal B,Jugo,Mañana,RS1,21.7
2024-06-26,8477,L584,Sucursal B,Agua,Noche,RS5,33.5
2024-06-27,9737,L998,Sucursal A,Refresco,Tarde,RS2,24.6
2024-06-27,9414,L129,Sucursal A,Refresco,Noche,RS3,31.7
2024-06-28,9642,L425,Sucursal B,Refresco,Tarde,RS3,26.4
2024-06-28,10182,L248,Sucursal C,Agua,Tarde,RS2,31.3
2024-06-29,9524,L581,Sucursal A,Jugo,Noche,RS5,23.7
2024-06-29,10003,L245,Sucursal B,Refresco,Tarde,RS5,32.9
2024-06-30,9932,L258,Sucursal A,Agua,Noche,RS5,31.1
2024-06-30,7659,L630,Sucursal C,Agua,Tarde,RS1,25.7
2024-07-01,10406,L591,Sucursal A,Agua,Mañana,RS3,23.7
2024-07-01,11501,L103,Sucursal B,Jugo,Tarde,RS4,26.1
2024-07-02,11809,L206,Sucursal B,Jugo,Tarde,RS5,21.5
2024-07-03,10325,L377,Sucursal C,Jugo,Mañana,RS1,26.5
2024-07-04,9845,L595,Sucursal A,Refresco,Mañana,RS2,27.9
2024-07-05,8999,L257,Sucursal B,Jugo,Tarde,RS1,35.9
2024-07-05,9786,L951,Sucursal C,Agua,Tarde,RS3,18.2
2024-07-06,10532,L430,Sucursal C,Refresco,Noche,RS3,19.2
2024-07-06,9142,L177,Sucursal A,Agua,Tarde,RS4,19.9
2024-07-07,10224,L564,Sucursal A,Agua,Tarde,RS1,19.7
2024-07-07,11669,L568,Sucursal A,Refresco,Noche,RS1,23.6
2024-07-08,9767,L869,Sucursal B,Agua,Noche,RS1,21.2
2024-07-08,11258,L449,Sucursal C,Refresco,Noche,RS2,33.3
2024-07-09,9953,L139,Sucursal B,Jugo,Tarde,RS1,24.7
2024-07-09,8706,L349,Sucursal C,Jugo,Noche,RS3,20.5
2024-07-10,9287,L420,Sucursal B,Refresco,Noche,RS1,24.5
2024-07-10,10100,L972,Sucursal A,Refresco,Tarde,RS4,22.4
2024-07-11,10521,L244,Sucursal A,Agua,Mañana,RS4,28.4
2024-07-11,8681,L517,Sucursal A,Agua,Mañana,RS2,20.9
2024-07-12,7923,L256,Sucursal C,Jugo,Tarde,RS3,32.5
2024-07-12,10050,L255,Sucursal B,Refresco,Noche,RS1,27.2
2024-07-13,12915,L509,Sucursal B,Agua,Noche,RS4,31.5
2024-07-14,9710,L420,Sucursal A,Jugo,Mañana,RS5,28.9
2024-07-14,9244,L523,Sucursal B,Agua,Tarde,RS4,25.3
2024-07-15,8606,L799,Sucursal C,Refresco,Noche,RS3,23.5
2024-07-15,9160,L736,Sucursal C,Jugo,Tarde,RS4,19.7
2024-07-16,9867,L622,Sucursal B,Agua,Noche,RS1,20.5
2024-07-16,11010,L564,Sucursal A,Agua,Mañana,RS4,23.2
2024-07-17,8881,L213,Sucursal A,Jugo,Noche,RS5,18.9
2024-07-17,11010,L213,Sucursal B,Refresco,Tarde,RS1,26.8
2024-07-18,7681,L304,Sucursal A,Refresco,Tarde,RS5,21.6
2024-07-19,10602,L781,Sucursal A,Refresco,Mañana,RS4,34.2
2024-07-19,9219,L171,Sucursal B,Jugo,Mañana,RS2,21.8
2024-07-20,9272,L596,Sucursal C,Jugo,Tarde,RS4,27.3
2024-07-21,8997,L648,Sucursal C,Agua,Tarde,RS1,31.4
2024-07-21,8812,L243,Sucursal B,Jugo,Mañana,RS4,23.8
2024-07-22,11881,L768,Sucursal A,Refresco,Tarde,RS3,20.7
2024-07-22,10630,L377,Sucursal C,Refresco,Noche,RS1,19.3
2024-07-23,8447,L854,Sucursal B,Agua,Noche,RS5,18.8
2024-07-24,8797,L954,Sucursal C,Agua,Tarde,RS5,21.2
2024-07-25,11035,L918,Sucursal C,Agua,Mañana,RS4,26.7
2024-07-26,10620,L199,Sucursal C,Jugo,Noche,RS5,29.9
2024-07-27,10561,L340,Sucursal B,Agua,Tarde,RS2,35.4
2024-07-27,10295,L203,Sucursal A,Agua,Mañana,RS2,10.2
2024-07-28,11072,L397,Sucursal C,Refresco,Noche,RS1,34.1
2024-07-28,9508,L870,Sucursal A,Jugo,Mañana,RS3,28.6
2024-07-29,9560,L150,Sucursal C,Refresco,Tarde,RS2,32.5
2024-07-30,7797,L800,Sucursal A,Agua,Noche,RS1,21.1
2024-07-30,11374,L462,Sucursal A,Agua,Mañana,RS3,26.0
2024-07-31,9932,L346,Sucursal C,Refresco,Tarde,RS3,23.1
2024-07-31,9210,L768,Sucursal B,Refresco,Noche,RS4,23.0
2024-08-01,8857,L105,Sucursal C,Jugo,Noche,RS4,21.6
2024-08-02,10552,L929,Sucursal A,Agua,Mañana,RS4,31.5
2024-08-02,9136,L728,Sucursal B,Jugo,Noche,RS5,25.1
2024-08-03,9456,L513,Sucursal C,Refresco,Mañana,RS4,29.5
2024-08-04,10820,L470,Sucursal C,Refresco,Tarde,RS2,24.7
2024-08-04,11393,L129,Sucursal C,Agua,Mañana,RS1,18.7
2024-08-05,10341,L420,Sucursal C,Agua,Noche,RS3,20.1
2024-08-05,8984,L161,Sucursal B,Jugo,Noche,RS5,31.2
2024-08-06,8087,L126,Sucursal C,Agua,Tarde,RS1,33.5
2024-08-06,11434,L882,Sucursal C,Refresco,Mañana,RS3,27.4
2024-08-07,10091,L967,Sucursal A,Agua,Mañana,RS4,23.6
2024-08-07,11732,L123,Sucursal B,Refresco,Tarde,RS2,14.0
2024-08-08,12753,L896,Sucursal C,Jugo,Mañana,RS1,24.4
2024-08-08,9496,L397,Sucursal C,Agua,Noche,RS2,31.3
2024-08-09,10222,L792,Sucursal B,Jugo,Tarde,RS3,29.7
2024-08-10,9931,L906,Sucursal B,Jugo,Noche,RS2,24.0
2024-08-11,10236,L428,Sucursal A,Refresco,Mañana,RS2,21.0
2024-08-11,10754,L895,Sucursal B,Refresco,Mañana,RS2,23.8
2024-08-12,10160,L632,Sucursal C,Agua,Noche,RS1,24.3
2024-08-12,8089,L289,Sucursal C,Agua,Mañana,RS3,29.4
2024-08-13,10441,L185,Sucursal C,Agua,Tarde,RS4,25.7
2024-08-14,11010,L949,Sucursal B,Jugo,Tarde,RS4,21.0
2024-08-15,10783,L389,Sucursal B,Jugo,Tarde,RS4,19.3
2024-08-15,11455,L110,Sucursal C,Jugo,Mañana,RS3,33.7
2024-08-16,10104,L535,Sucursal B,Refresco,Tarde,RS2,23.9
2024-08-17,10799,L943,Sucursal B,Refresco,Mañana,RS4,34.7
2024-08-18,10243,L800,Sucursal A,Agua,Noche,RS4,23.8
2024-08-19,9088,L281,Sucursal B,Refresco,Mañana,RS2,26.4
2024-08-20,8382,L919,Sucursal A,Jugo,Tarde,RS3,29.6
2024-08-20,10764,L654,Sucursal B,Agua,Noche,RS1,23.4
2024-08-21,8900,L846,Sucursal B,Refresco,Tarde,RS5,31.8
2024-08-22,11599,L154,Sucursal C,Jugo,Noche,RS3,26.1
2024-08-23,11702,L719,Sucursal A,Refresco,Tarde,RS5,17.1
2024-08-24,9352,L934,Sucursal A,Agua,Mañana,RS5,18.3
2024-08-24,8641,L624,Sucursal C,Agua,Tarde,RS3,24.7
2024-08-25,11702,L243,Sucursal A,Refresco,Noche,RS3,12.6
2024-08-25,11532,L288,Sucursal C,Jugo,Mañana,RS2,26.7
2024-08-26,7615,L292,Sucursal A,Agua,Tarde,RS1,23.7
2024-08-26,11377,L536,Sucursal A,Refresco,Mañana,RS4,24.8
2024-08-27,9049,L978,Sucursal A,Refresco,Noche,RS4,23.0
2024-08-27,8900,L534,Sucursal A,Agua,Noche,RS2,26.6
2024-08-28,10227,L639,Sucursal C,Jugo,Noche,RS1,20.0
2024-08-29,10638,L277,Sucursal A,Jugo,Noche,RS4,26.8
2024-08-29,12113,L910,Sucursal B,Refresco,Noche,RS3,25.0
2024-08-30,10815,L157,Sucursal A,Jugo,Mañana,RS5,30.5
2024-08-31,9449,L925,Sucursal A,Agua,Mañana,RS3,16.3
2024-09-01,9238,L967,Sucursal C,Refresco,Noche,RS1,28.5
2024-09-02,9935,L921,Sucursal B,Jugo,Mañana,RS1,20.1
2024-09-02,11346,L222,Sucursal C,Refresco,Tarde,RS3,36.6
2024-09-03,11222,L917,Sucursal C,Refresco,Noche,RS4,27.3
2024-09-03,9971,L659,Sucursal C,Jugo,Noche,RS2,27.2
2024-09-04,10789,L476,Sucursal B,Agua,Mañana,RS5,18.6
2024-09-05,10049,L574,Sucursal B,Agua,Noche,RS2,28.8
2024-09-06,8689,L169,Sucursal C,Refresco,Tarde,RS1,29.2
2024-09-07,8841,L146,Sucursal C,Agua,Noche,RS5,27.1
2024-09-07,10046,L719,Sucursal B,Jugo,Noche,RS1,27.1
2024-09-08,9037,L587,Sucursal A,Refresco,Mañana,RS5,31.8
2024-09-08,9377,L997,Sucursal B,Refresco,Noche,RS5,35.8
2024-09-09,11213,L617,Sucursal B,Refresco,Tarde,RS1,28.7
2024-09-10,10847,L996,Sucursal B,Refresco,Mañana,RS4,23.8
2024-09-10,8768,L239,Sucursal A,Refresco,Noche,RS3,31.2
2024-09-11,10752,L228,Sucursal B,Agua,Mañana,RS1,25.9
2024-09-11,8572,L995,Sucursal C,Agua,Tarde,RS2,30.4
2024-09-12,10262,L685,Sucursal C,Jugo,Tarde,RS3,20.1
2024-09-12,9894,L696,Sucursal B,Jugo,Tarde,RS2,26.7
2024-09-13,9033,L604,Sucursal A,Jugo,Tarde,RS3,24.7
2024-09-13,8826,L774,Sucursal B,Agua,Tarde,RS4,25.0
2024-09-14,8616,L224,Sucursal A,Agua,Tarde,RS3,16.6
2024-09-14,7847,L336,Sucursal B,Agua,Noche,RS3,18.2
2024-09-15,9027,L377,Sucursal C,Agua,Tarde,RS4,36.1
2024-09-16,10207,L204,Sucursal A,Refresco,Mañana,RS5,27.6
2024-09-16,12933,L335,Sucursal A,Refresco,Tarde,RS4,22.3
2024-09-17,8994,L509,Sucursal B,Refresco,Noche,RS3,22.5
2024-09-18,10607,L436,Sucursal A,Agua,Noche,RS2,21.4
2024-09-18,12598,L696,Sucursal B,Refresco,Mañana,RS5,31.0
2024-09-19,8973,L703,Sucursal C,Agua,Mañana,RS5,19.9
2024-09-20,10149,L257,Sucursal C,Agua,Noche,RS3,21.0
2024-09-20,9755,L868,Sucursal C,Agua,Noche,RS3,29.0
2024-09-21,10188,L478,Sucursal A,Agua,Tarde,RS2,30.1
2024-09-21,9611,L229,Sucursal C,Agua,Tarde,RS1,29.7
2024-09-22,10607,L575,Sucursal C,Refresco,Noche,RS2,32.4
2024-09-23,9252,L781,Sucursal A,Jugo,Mañana,RS3,20.0
2024-09-23,8330,L916,Sucursal C,Refresco,Tarde,RS1,19.9
2024-09-24,10671,L717,Sucursal C,Jugo,Noche,RS3,20.9
2024-09-25,9829,L671,Sucursal B,Jugo,Noche,RS2,32.0
2024-09-25,10478,L973,Sucursal B,Jugo,Noche,RS4,22.6
2024-09-26,9190,L131,Sucursal B,Refresco,Tarde,RS3,23.0
2024-09-26,12390,L181,Sucursal C,Jugo,Mañana,RS2,20.8
2024-09-27,9787,L960,Sucursal A,Agua,Mañana,RS1,18.2
2024-09-28,9648,L582,Sucursal C,Refresco,Noche,RS3,17.8
2024-09-28,10391,L995,Sucursal C,Refresco,Noche,RS3,31.0
2024-09-29,9082,L649,Sucursal B,Refresco,Tarde,RS5,25.0
2024-09-30,10533,L156,Sucursal B,Refresco,Noche,RS4,30.5
2024-09-30,10560,L424,Sucursal B,Jugo,Noche,RS3,31.7
2024-10-01,10675,L799,Sucursal C,Refresco,Tarde,RS5,23.1
2024-10-02,8387,L433,Sucursal A,Refresco,Tarde,RS2,27.5
2024-10-03,9509,L653,Sucursal A,Refresco,Mañana,RS3,24.9
2024-10-04,10175,L883,Sucursal B,Agua,Mañana,RS4,21.9
2024-10-04,10169,L344,Sucursal A,Agua,Mañana,RS3,32.9
2024-10-05,7388,L511,Sucursal B,Refresco,Mañana,RS4,28.7
2024-10-05,10517,L553,Sucursal C,Refresco,Noche,RS3,21.8
2024-10-06,9354,L801,Sucursal B,Jugo,Noche,RS2,24.3
2024-10-07,9587,L526,Sucursal C,Agua,Mañana,RS4,27.9
2024-10-08,10023,L550,Sucursal C,Agua,Mañana,RS1,19.1
2024-10-08,12035,L277,Sucursal C,Agua,Mañana,RS1,34.5
2024-10-09,9223,L814,Sucursal C,Agua,Mañana,RS1,21.0
2024-10-09,10730,L548,Sucursal C,Jugo,Tarde,RS3,27.6
2024-10-10,12524,L187,Sucursal B,Refresco,Mañana,RS5,28.0
2024-10-10,9414,L927,Sucursal A,Jugo,Mañana,RS1,29.1
2024-10-11,10774,L487,Sucursal B,Agua,Tarde,RS5,28.7
2024-10-12,9140,L816,Sucursal B,Agua,Mañana,RS4,18.6
2024-10-12,11173,L780,Sucursal C,Jugo,Mañana,RS1,14.5
2024-10-13,8845,L590,Sucursal A,Agua,Mañana,RS4,27.5
2024-10-13,9809,L489,Sucursal B,Refresco,Mañana,RS1,22.9
2024-10-14,6831,L203,Sucursal B,Jugo,Mañana,RS4,23.4
2024-10-14,10132,L282,Sucursal C,Jugo,Mañana,RS2,27.5
2024-10-15,8457,L219,Sucursal B,Jugo,Tarde,RS3,24.8
2024-10-15,10166,L984,Sucursal C,Jugo,Mañana,RS4,22.4
2024-10-16,10614,L444,Sucursal C,Refresco,Tarde,RS2,34.7
2024-10-16,10979,L381,Sucursal A,Agua,Noche,RS3,24.8
2024-10-17,12413,L176,Sucursal B,Jugo,Mañana,RS5,20.0
2024-10-18,10603,L383,Sucursal A,Jugo,Noche,RS3,23.3
2024-10-19,9907,L440,Sucursal A,Refresco,Mañana,RS5,33.8
2024-10-19,11639,L550,Sucursal A,Refresco,Mañana,RS2,28.7
2024-10-20,10600,L351,Sucursal C,Refresco,Tarde,RS3,22.3
2024-10-20,11465,L620,Sucursal A,Agua,Tarde,RS3,20.6
2024-10-21,9074,L866,Sucursal A,Refresco,Noche,RS4,32.0
2024-10-21,9088,L544,Sucursal C,Jugo,Noche,RS5,25.2
2024-10-22,10192,L587,Sucursal A,Agua,Tarde,RS3,23.2
2024-10-22,9700,L406,Sucursal A,Jugo,Mañana,RS2,19.7
2024-10-23,11243,L445,Sucursal C,Agua,Mañana,RS2,32.7
2024-10-23,9199,L766,Sucursal B,Jugo,Tarde,RS2,25.5
2024-10-24,8841,L539,Sucursal B,Jugo,Mañana,RS1,33.1
2024-10-24,9302,L807,Sucursal C,Refresco,Mañana,RS3,19.1
2024-10-25,11104,L519,Sucursal A,Jugo,Noche,RS2,30.3
2024-10-25,10783,L298,Sucursal A,Refresco,Mañana,RS5,25.7
2024-10-26,8584,L262,Sucursal C,Agua,Mañana,RS2,26.3
2024-10-26,13084,L309,Sucursal B,Agua,Mañana,RS1,18.2
2024-10-27,9356,L856,Sucursal B,Agua,Tarde,RS2,28.6
2024-10-28,10397,L312,Sucursal A,Agua,Noche,RS2,32.3
2024-10-29,11421,L275,Sucursal A,Agua,Noche,RS1,20.9
2024-10-29,8441,L386,Sucursal A,Agua,Tarde,RS2,23.1
2024-10-30,9685,L389,Sucursal B,Refresco,Noche,RS4,37.2
2024-10-30,9522,L747,Sucursal C,Jugo,Mañana,RS1,21.9
2024-10-31,10196,L395,Sucursal A,Agua,Tarde,RS3,23.2
2024-11-01,7792,L106,Sucursal A,Jugo,Tarde,RS5,24.8
2024-11-01,10769,L948,Sucursal B,Agua,Tarde,RS5,25.6
2024-11-02,9194,L777,Sucursal C,Agua,Tarde,RS3,25.6
2024-11-03,11023,L369,Sucursal A,Jugo,Tarde,RS5,35.6
2024-11-04,9565,L606,Sucursal B,Jugo,Mañana,RS2,22.2
2024-11-05,10275,L463,Sucursal A,Jugo,Mañana,RS3,30.4
2024-11-06,11224,L923,Sucursal B,Jugo,Tarde,RS2,17.6
2024-11-07,11871,L826,Sucursal C,Jugo,Tarde,RS4,22.8
2024-11-08,9007,L123,Sucursal B,Jugo,Noche,RS1,19.1
2024-11-09,9002,L153,Sucursal C,Agua,Noche,RS3,21.8
2024-11-10,8655,L628,Sucursal A,Refresco,Noche,RS3,14.9
2024-11-11,8133,L234,Sucursal B,Refresco,Mañana,RS2,34.3
2024-11-12,9534,L705,Sucursal C,Agua,Tarde,RS5,27.0
2024-11-12,11099,L724,Sucursal A,Jugo,Noche,RS3,28.7
2024-11-13,9165,L543,Sucursal B,Jugo,Noche,RS5,20.4
2024-11-14,11478,L479,Sucursal B,Refresco,Mañana,RS1,16.8
2024-11-14,11198,L392,Sucursal A,Jugo,Noche,RS2,23.5
2024-11-15,9871,L517,Sucursal C,Jugo,Tarde,RS5,30.0
2024-11-16,10213,L778,Sucursal B,Jugo,Mañana,RS2,25.7
2024-11-16,9000,L972,Sucursal A,Refresco,Noche,RS5,28.4
2024-11-17,10403,L667,Sucursal B,Agua,Tarde,RS2,23.9
2024-11-18,7824,L915,Sucursal A,Agua,Tarde,RS4,19.7
2024-11-19,10950,L683,Sucursal A,Refresco,Noche,RS5,28.9
2024-11-19,9032,L199,Sucursal C,Refresco,Mañana,RS5,16.5
2024-11-20,11455,L944,Sucursal A,Agua,Tarde,RS1,27.4
2024-11-21,9785,L486,Sucursal C,Refresco,Noche,RS4,27.0
2024-11-22,9466,L272,Sucursal C,Agua,Noche,RS3,20.5
2024-11-23,10458,L892,Sucursal C,Refresco,Mañana,RS5,20.9
2024-11-24,12311,L697,Sucursal B,Agua,Mañana,RS2,19.8
2024-11-25,7626,L326,Sucursal C,Agua,Tarde,RS5,25.2
2024-11-26,9224,L497,Sucursal A,Jugo,Mañana,RS5,19.9
2024-11-26,8507,L275,Sucursal C,Agua,Tarde,RS4,33.3
2024-11-27,9000,L422,Sucursal C,Jugo,Mañana,RS4,21.8
2024-11-27,10131,L459,Sucursal A,Jugo,Tarde,RS1,25.4
2024-11-28,9246,L536,Sucursal A,Jugo,Noche,RS4,30.3
2024-11-28,9340,L958,Sucursal A,Jugo,Tarde,RS5,27.0
2024-11-29,9852,L927,Sucursal B,Jugo,Tarde,RS2,27.3
2024-11-30,10185,L268,Sucursal B,Jugo,Mañana,RS1,25.6
2024-12-01,9650,L330,Sucursal A,Jugo,Noche,RS3,22.7
2024-12-01,11188,L160,Sucursal B,Jugo,Noche,RS1,22.1
2024-12-02,10936,L161,Sucursal A,Jugo,Noche,RS1,25.4
2024-12-02,10375,L677,Sucursal C,Agua,Tarde,RS1,27.0
2024-12-03,10534,L191,Sucursal A,Refresco,Noche,RS4,20.9
2024-12-03,10179,L600,Sucursal A,Refresco,Mañana,RS1,26.8
2024-12-04,10184,L969,Sucursal C,Refresco,Tarde,RS3,23.0
2024-12-05,8744,L104,Sucursal B,Jugo,Noche,RS4,25.1
2024-12-06,9983,L913,Sucursal B,Jugo,Mañana,RS2,24.3
2024-12-06,10300,L850,Sucursal C,Agua,Tarde,RS5,22.2
2024-12-07,10878,L776,Sucursal A,Jugo,Mañana,RS3,28.0
2024-12-08,11137,L923,Sucursal C,Jugo,Mañana,RS5,21.5
2024-12-08,9088,L435,Sucursal C,Refresco,Noche,RS4,25.9
2024-12-09,10664,L466,Sucursal C,Jugo,Noche,RS5,23.2
2024-12-09,9756,L403,Sucursal B,Refresco,Noche,RS5,34.0
2024-12-10,10647,L677,Sucursal C,Jugo,Tarde,RS2,29.9
2024-12-10,8532,L741,Sucursal C,Jugo,Mañana,RS2,33.5
2024-12-11,12982,L169,Sucursal C,Refresco,Mañana,RS2,26.3
2024-12-12,9082,L154,Sucursal A,Refresco,Noche,RS2,13.0
2024-12-13,8826,L309,Sucursal B,Agua,Noche,RS5,32.0
2024-12-13,10434,L538,Sucursal A,Jugo,Mañana,RS3,28.0
2024-12-14,8137,L214,Sucursal C,Refresco,Mañana,RS3,29.5
2024-12-15,11278,L736,Sucursal B,Refresco,Noche,RS5,32.3
2024-12-15,8900,L494,Sucursal A,Jugo,Mañana,RS2,20.8
2024-12-16,10072,L361,Sucursal B,Refresco,Noche,RS3,26.7
2024-12-17,10029,L505,Sucursal B,Jugo,Mañana,RS5,23.7
2024-12-17,9927,L941,Sucursal A,Refresco,Tarde,RS3,26.1
2024-12-18,8456,L640,Sucursal A,Agua,Tarde,RS3,25.5
2024-12-18,9830,L702,Sucursal B,Agua,Noche,RS4,18.7
2024-12-19,13892,L594,Sucursal C,Refresco,Mañana,RS1,36.5
2024-12-20,9819,L748,Sucursal B,Refresco,Mañana,RS4,21.8
2024-12-20,6857,L636,Sucursal C,Agua,Mañana,RS3,18.0
2024-12-21,8136,L879,Sucursal B,Agua,Mañana,RS3,33.7
2024-12-22,11490,L631,Sucursal B,Refresco,Noche,RS1,23.3
2024-12-23,10596,L960,Sucursal B,Jugo,Mañana,RS3,30.3
2024-12-24,9496,L241,Sucursal A,Refresco,Noche,RS2,21.6
2024-12-25,10101,L491,Sucursal B,Jugo,Tarde,RS3,33.3
2024-12-26,8992,L251,Sucursal C,Refresco,Noche,RS1,30.5
2024-12-26,9432,L878,Sucursal A,Agua,Tarde,RS3,28.4
2024-12-27,9451,L202,Sucursal B,Jugo,Noche,RS1,24.2
2024-12-27,9555,L775,Sucursal B,Refresco,Noche,RS5,18.3
2024-12-28,10155,L935,Sucursal C,Agua,Tarde,RS2,20.3
2024-12-29,10575,L341,Sucursal B,Agua,Tarde,RS3,28.4
2024-12-29,10179,L556,Sucursal B,Agua,Tarde,RS5,23.6
2024-12-30,10914,L161,Sucursal C,Jugo,Mañana,RS2,20.0
2024-12-31,7388,L857,Sucursal A,Refresco,Noche,RS4,25.9
2024-12-31,11715,L433,Sucursal B,Agua,Noche,RS4,17.6
